police_station_id,police_station,district_name,is_lahore,ref_date,horizon_days,risk_score,rank_in_punjab,rank_in_lahore,prior_30d_ps_count,prior_30d_district_count,days_to_next_major_religious,days_to_next_political,misinfo_event_district_14d,generated_at
745,Kahna,Lahore,True,2026-06-29,30,0.9902215222258542,1,1.0,1,20,58,46,False,2026-06-24 06:54:58.735820
637,Chung,Lahore,True,2026-06-29,30,0.9896400111344482,2,2.0,0,20,58,46,False,2026-06-24 06:54:58.735820
744,Nisthar Colony,Lahore,True,2026-06-29,30,0.9895524017761804,3,3.0,0,20,58,46,False,2026-06-24 06:54:58.735820
14,Ferozewala,Sheikhupura,False,2026-06-29,30,0.9865748241667152,4,,1,9,58,46,False,2026-06-24 06:54:58.735820
170,Sadiqabad,Rawalpindi,False,2026-06-29,30,0.9823939022084645,5,,0,4,58,46,False,2026-06-24 06:54:58.735820
640,Raiwind City,Lahore,True,2026-06-29,30,0.9761705053454809,6,4.0,0,20,58,46,False,2026-06-24 06:54:58.735820
307,Sadar Faisalabad,Faisalabad,False,2026-06-29,30,0.9708835999414424,7,,2,11,58,46,False,2026-06-24 06:54:58.735820
315,Millat Town,Faisalabad,False,2026-06-29,30,0.961220297643522,8,,1,11,58,46,False,2026-06-24 06:54:58.735820
817,Kot Abdul Malik,Sheikhupura,False,2026-06-29,30,0.9572216141392724,9,,1,9,58,46,False,2026-06-24 06:54:58.735820
748,Factory Area,Lahore,True,2026-06-29,30,0.956098275372463,10,5.0,0,20,58,46,False,2026-06-24 06:54:58.735820
686,Shahdara,Lahore,True,2026-06-29,30,0.9468769616524604,11,6.0,1,20,58,46,False,2026-06-24 06:54:58.735820
670,Kot Lakhpat,Lahore,True,2026-06-29,30,0.9428252387109535,12,7.0,1,20,58,46,False,2026-06-24 06:54:58.735820
642,Sundar,Lahore,True,2026-06-29,30,0.9344963474469224,13,8.0,0,20,58,46,False,2026-06-24 06:54:58.735820
59,Sadar Gujranwala,Gujranwala,False,2026-06-29,30,0.9332550746492937,14,,0,2,58,46,False,2026-06-24 06:54:58.735820
639,Nawab Town,Lahore,True,2026-06-29,30,0.9322840625854185,15,9.0,1,20,58,46,False,2026-06-24 06:54:58.735820
668,Green Town,Lahore,True,2026-06-29,30,0.9278898797155742,16,10.0,1,20,58,46,False,2026-06-24 06:54:58.735820
62,Aroop,Gujranwala,False,2026-06-29,30,0.9160175502752164,17,,0,2,58,46,False,2026-06-24 06:54:58.735820
785,Dhamiyal,Rawalpindi,False,2026-06-29,30,0.911466467945564,18,,0,4,58,46,False,2026-06-24 06:54:58.735820
703,South Cantt.,Lahore,True,2026-06-29,30,0.907687211802853,19,11.0,1,20,58,46,False,2026-06-24 06:54:58.735820
708,Baghbanpura,Lahore,True,2026-06-29,30,0.907491270811536,20,12.0,0,20,58,46,False,2026-06-24 06:54:58.735820
709,Harbanspura,Lahore,True,2026-06-29,30,0.9055116711565196,21,13.0,0,20,58,46,False,2026-06-24 06:54:58.735820
836,Chaklala,Rawalpindi,False,2026-06-29,30,0.9011689645699076,22,,1,4,58,46,False,2026-06-24 06:54:58.735820
651,Nawankot,Lahore,True,2026-06-29,30,0.8966598390152255,23,14.0,0,20,58,46,False,2026-06-24 06:54:58.735820
687,Shahdara Town,Lahore,True,2026-06-29,30,0.8954707181642064,24,15.0,0,20,58,46,False,2026-06-24 06:54:58.735820
311,Madina Town,Faisalabad,False,2026-06-29,30,0.8905953892404224,25,,0,11,58,46,False,2026-06-24 06:54:58.735820
354,Chiniot City,Chiniot,False,2026-06-29,30,0.8873905034342724,26,,0,0,58,46,False,2026-06-24 06:54:58.735820
173,Naseerabad,Rawalpindi,False,2026-06-29,30,0.8819643153616177,27,,0,4,58,46,False,2026-06-24 06:54:58.735820
181,Rawat,Rawalpindi,False,2026-06-29,30,0.8808847647243309,28,,0,4,58,46,False,2026-06-24 06:54:58.735820
128,Sadar,Sialkot,False,2026-06-29,30,0.8798018705719259,29,,0,4,58,46,False,2026-06-24 06:54:58.735820
7,Bhikhi,Sheikhupura,False,2026-06-29,30,0.8751131252411577,30,,0,9,58,46,False,2026-06-24 06:54:58.735820
183,Taxila,Rawalpindi,False,2026-06-29,30,0.8683382916382206,31,,0,4,58,46,False,2026-06-24 06:54:58.735820
705,North Cantt.,Lahore,True,2026-06-29,30,0.8641963910056872,32,16.0,1,20,58,46,False,2026-06-24 06:54:58.735820
710,Manawan,Lahore,True,2026-06-29,30,0.8622880416683719,33,17.0,0,20,58,46,False,2026-06-24 06:54:58.735820
467,A Division,Okara,False,2026-06-29,30,0.8547628249021478,34,,1,2,58,46,False,2026-06-24 06:54:58.735820
169,New Town,Rawalpindi,False,2026-06-29,30,0.8546161768205499,35,,0,4,58,46,False,2026-06-24 06:54:58.735820
379,Seetal Mari,Multan,False,2026-06-29,30,0.8523662294123324,36,,0,1,58,46,False,2026-06-24 06:54:58.735820
1,A Division,Sheikhupura,False,2026-06-29,30,0.850511300267946,37,,1,9,58,46,False,2026-06-24 06:54:58.735820
302,Ghulam Muhammad Abad,Faisalabad,False,2026-06-29,30,0.8504569624812959,38,,0,11,58,46,False,2026-06-24 06:54:58.735820
318,City Jarranwala,Faisalabad,False,2026-06-29,30,0.8502292740565683,39,,0,11,58,46,False,2026-06-24 06:54:58.735820
673,Model PS Gulberg,Lahore,True,2026-06-29,30,0.8455176122686305,40,18.0,2,20,58,46,False,2026-06-24 06:54:58.735820
398,Gulgasht,Multan,False,2026-06-29,30,0.8436491676814883,41,,0,1,58,46,False,2026-06-24 06:54:58.735820
634,Sabzazar,Lahore,True,2026-06-29,30,0.842823568130492,42,19.0,0,20,58,46,False,2026-06-24 06:54:58.735820
323,Khurrianwala,Faisalabad,False,2026-06-29,30,0.8426900796684471,43,,1,11,58,46,False,2026-06-24 06:54:58.735820
312,Sargodha Road,Faisalabad,False,2026-06-29,30,0.841842457673597,44,,1,11,58,46,False,2026-06-24 06:54:58.735820
563,Baghdad ul Jadid,Bahawalpur,False,2026-06-29,30,0.8410152143346911,45,,1,4,58,46,False,2026-06-24 06:54:58.735820
655,Q.G.Singh,Lahore,True,2026-06-29,30,0.8399304303540579,46,20.0,1,20,58,46,False,2026-06-24 06:54:58.735820
471,Sadar Okara,Okara,False,2026-06-29,30,0.838561878473615,47,,0,2,58,46,False,2026-06-24 06:54:58.735820
426,City Mianchannu,Khanewal,False,2026-06-29,30,0.8343544484955139,48,,0,0,58,46,False,2026-06-24 06:54:58.735820
177,Civil Lines,Rawalpindi,False,2026-06-29,30,0.8307840847027554,49,,1,4,58,46,False,2026-06-24 06:54:58.735820
564,Sadar Bahawalpur,Bahawalpur,False,2026-06-29,30,0.8289926692302828,50,,0,4,58,46,False,2026-06-24 06:54:58.735820
695,Shad Bagh,Lahore,True,2026-06-29,30,0.8257850236454016,51,21.0,0,20,58,46,False,2026-06-24 06:54:58.735820
460,Ghalla Mandi,Sahiwal,False,2026-06-29,30,0.8182804332813285,52,,0,1,58,46,False,2026-06-24 06:54:58.735820
167,Waris Khan,Rawalpindi,False,2026-06-29,30,0.8162759067878395,53,,0,4,58,46,False,2026-06-24 06:54:58.735820
432,Sadar Vehari,Vehari,False,2026-06-29,30,0.8103587426326815,54,,0,0,58,46,False,2026-06-24 06:54:58.735820
3,Sadar Shiekhupura,Sheikhupura,False,2026-06-29,30,0.8102146701749158,55,,0,9,58,46,False,2026-06-24 06:54:58.735820
2,B Division,Sheikhupura,False,2026-06-29,30,0.8081257839861479,56,,1,9,58,46,False,2026-06-24 06:54:58.735820
635,Hanjarwal,Lahore,True,2026-06-29,30,0.8061934658363042,57,22.0,0,20,58,46,False,2026-06-24 06:54:58.735820
713,Hair,Lahore,True,2026-06-29,30,0.806147443233544,58,23.0,1,20,58,46,False,2026-06-24 06:54:58.735820
180,Sadar Beruni,Rawalpindi,False,2026-06-29,30,0.8036710911714171,59,,0,4,58,46,False,2026-06-24 06:54:58.735820
15,Factory Area,Sheikhupura,False,2026-06-29,30,0.8025083118507269,60,,0,9,58,46,False,2026-06-24 06:54:58.735820
314,Nishatabad,Faisalabad,False,2026-06-29,30,0.8015779942663681,61,,1,11,58,46,False,2026-06-24 06:54:58.735820
338,Kotwali,Jhang,False,2026-06-29,30,0.8007204158922083,62,,0,3,58,46,False,2026-06-24 06:54:58.735820
124,Cantt Sialkot,Sialkot,False,2026-06-29,30,0.7985460863652927,63,,0,4,58,46,False,2026-06-24 06:54:58.735820
652,Shera Kot,Lahore,True,2026-06-29,30,0.7963837961288744,64,24.0,2,20,58,46,False,2026-06-24 06:54:58.735820
335,Batala Colony,Faisalabad,False,2026-06-29,30,0.7956549537952283,65,,0,11,58,46,False,2026-06-24 06:54:58.735820
134,Ugoki,Sialkot,False,2026-06-29,30,0.7953326261739075,66,,1,4,58,46,False,2026-06-24 06:54:58.735820
662,Gujarpura,Lahore,True,2026-06-29,30,0.7951841135178158,67,25.0,0,20,58,46,False,2026-06-24 06:54:58.735820
319,Sadar Jarranwala,Faisalabad,False,2026-06-29,30,0.7942955869733018,68,,1,11,58,46,False,2026-06-24 06:54:58.735820
452,Yousafwala,Sahiwal,False,2026-06-29,30,0.7918061654759783,69,,0,1,58,46,False,2026-06-24 06:54:58.735820
317,Chak Jhumra,Faisalabad,False,2026-06-29,30,0.7895873383861832,70,,1,11,58,46,False,2026-06-24 06:54:58.735820
396,Mumtazabad,Multan,False,2026-06-29,30,0.7886547443472534,71,,1,1,58,46,False,2026-06-24 06:54:58.735820
385,Basti Malook,Multan,False,2026-06-29,30,0.7857251036639435,72,,0,1,58,46,False,2026-06-24 06:54:58.735820
664,Liaqatbad,Lahore,True,2026-06-29,30,0.7854390277541177,73,26.0,0,20,58,46,False,2026-06-24 06:54:58.735820
33,Sadar Kasur,Kasur,False,2026-06-29,30,0.7829985956256436,74,,1,3,58,46,False,2026-06-24 06:54:58.735820
79,City Hafizabad,Hafizabad,False,2026-06-29,30,0.7821642281114999,75,,0,1,58,46,False,2026-06-24 06:54:58.735820
461,Farid Town,Sahiwal,False,2026-06-29,30,0.7767809067901457,76,,0,1,58,46,False,2026-06-24 06:54:58.735820
175,Race Course,Rawalpindi,False,2026-06-29,30,0.7762542260916923,77,,0,4,58,46,False,2026-06-24 06:54:58.735820
146,Philora,Sialkot,False,2026-06-29,30,0.774143696763167,78,,2,4,58,46,False,2026-06-24 06:54:58.735820
341,Satellite Town,Jhang,False,2026-06-29,30,0.7719134061166713,79,,0,3,58,46,False,2026-06-24 06:54:58.735820
499,Gadai,D.G. Khan,False,2026-06-29,30,0.7686630538166691,80,,0,3,58,46,False,2026-06-24 06:54:58.735820
176,Airport,Rawalpindi,False,2026-06-29,30,0.7685546451332778,81,,1,4,58,46,False,2026-06-24 06:54:58.735820
4,Housing Colony ,Sheikhupura,False,2026-06-29,30,0.7681991827171057,82,,0,9,58,46,False,2026-06-24 06:54:58.735820
166,Pirwadhai,Rawalpindi,False,2026-06-29,30,0.7660830693229697,83,,0,4,58,46,False,2026-06-24 06:54:58.735820
383,Makhdoom Rashid,Multan,False,2026-06-29,30,0.7652806503557712,84,,0,1,58,46,False,2026-06-24 06:54:58.735820
615,City Sadiqabad,Rahimyar Khan,False,2026-06-29,30,0.7647383148384939,85,,0,1,58,46,False,2026-06-24 06:54:58.735820
669,Johar Town,Lahore,True,2026-06-29,30,0.764432445283101,86,27.0,1,20,58,46,False,2026-06-24 06:54:58.735820
61,Cantt,Gujranwala,False,2026-06-29,30,0.7634180971639359,87,,0,2,58,46,False,2026-06-24 06:54:58.735820
397,Shah Shamas,Multan,False,2026-06-29,30,0.7626950707935816,88,,0,1,58,46,False,2026-06-24 06:54:58.735820
303,Razabad,Faisalabad,False,2026-06-29,30,0.7621741359023215,89,,0,11,58,46,False,2026-06-24 06:54:58.735820
660,Mughalpura,Lahore,True,2026-06-29,30,0.760955055176248,90,28.0,0,20,58,46,False,2026-06-24 06:54:58.735820
405,City Lodhran,Lodhran,False,2026-06-29,30,0.759350734252494,91,,1,1,58,46,False,2026-06-24 06:54:58.735820
667,Quaid-e-Azam Industrial Estate,Lahore,True,2026-06-29,30,0.7576317606704562,92,29.0,1,20,58,46,False,2026-06-24 06:54:58.735820
399,Bahauddin Zakriya,Multan,False,2026-06-29,30,0.756798455392645,93,,0,1,58,46,False,2026-06-24 06:54:58.735820
395,Qutab Pur,Multan,False,2026-06-29,30,0.756354484029199,94,,0,1,58,46,False,2026-06-24 06:54:58.735820
479,City Depalpur ,Okara,False,2026-06-29,30,0.7550019431491313,95,,0,2,58,46,False,2026-06-24 06:54:58.735820
812,Airport,Faisalabad,False,2026-06-29,30,0.7523538234175942,96,,0,11,58,46,False,2026-06-24 06:54:58.735820
9,Khanqah Dogran,Sheikhupura,False,2026-06-29,30,0.7522192656984993,97,,1,9,58,46,False,2026-06-24 06:54:58.735820
339,City Jhang,Jhang,False,2026-06-29,30,0.7500859089952127,98,,0,3,58,46,False,2026-06-24 06:54:58.735820
16,Sharqpur Sharif,Sheikhupura,False,2026-06-29,30,0.74867128649117,99,,1,9,58,46,False,2026-06-24 06:54:58.735820
125,Hajipura,Sialkot,False,2026-06-29,30,0.7486205587337246,100,,1,4,58,46,False,2026-06-24 06:54:58.735820
299,Jhang Bazar,Faisalabad,False,2026-06-29,30,0.7462398871899113,101,,0,11,58,46,False,2026-06-24 06:54:58.735820
394,Muzffarabad,Multan,False,2026-06-29,30,0.7448318186110335,102,,0,1,58,46,False,2026-06-24 06:54:58.735820
306,Dijkot,Faisalabad,False,2026-06-29,30,0.7445540873471337,103,,0,11,58,46,False,2026-06-24 06:54:58.735820
185,Sadar Wah Cantt,Rawalpindi,False,2026-06-29,30,0.7443996344456167,104,,0,4,58,46,False,2026-06-24 06:54:58.735820
308,Thikriwala,Faisalabad,False,2026-06-29,30,0.7438382495326391,105,,1,11,58,46,False,2026-06-24 06:54:58.735820
35,Kot Radha Kishan,Kasur,False,2026-06-29,30,0.7436388930516429,106,,0,3,58,46,False,2026-06-24 06:54:58.735820
743,Shalimar,Lahore,True,2026-06-29,30,0.7428761143321795,107,30.0,0,20,58,46,False,2026-06-24 06:54:58.735820
313,Mansoorabad,Faisalabad,False,2026-06-29,30,0.735656250871512,108,,0,11,58,46,False,2026-06-24 06:54:58.735820
114,Civil Lines,M.B. Din,False,2026-06-29,30,0.7354151937632982,109,,0,1,58,46,False,2026-06-24 06:54:58.735820
401,Saddar Jalalpur Pirwala,Multan,False,2026-06-29,30,0.7349899804006214,110,,0,1,58,46,False,2026-06-24 06:54:58.735820
186,Gujar Khan,Rawalpindi,False,2026-06-29,30,0.7334978448031506,111,,0,4,58,46,False,2026-06-24 06:54:58.735820
91,Civil Lines,Gujrat,False,2026-06-29,30,0.7305784206441702,112,,0,3,58,46,False,2026-06-24 06:54:58.735820
561,Cantt,Bahawalpur,False,2026-06-29,30,0.7305061057900354,113,,0,4,58,46,False,2026-06-24 06:54:58.735820
296,Civil Lines,Faisalabad,False,2026-06-29,30,0.7300661953580628,114,,0,11,58,46,False,2026-06-24 06:54:58.735820
476,City Renala Khurd,Okara,False,2026-06-29,30,0.7299995680869833,115,,0,2,58,46,False,2026-06-24 06:54:58.735820
750,Defence Area-C,Lahore,True,2026-06-29,30,0.7284885441527761,116,31.0,0,20,58,46,False,2026-06-24 06:54:58.735820
239,Satellite Town,Sargodha,False,2026-06-29,30,0.7262185544326909,117,,0,4,58,46,False,2026-06-24 06:54:58.735820
698,Islampura,Lahore,True,2026-06-29,30,0.7260477523621504,118,32.0,0,20,58,46,False,2026-06-24 06:54:58.735820
140,Sambarial,Sialkot,False,2026-06-29,30,0.7257940011173526,119,,0,4,58,46,False,2026-06-24 06:54:58.735820
364,Rajana,T.T. Singh,False,2026-06-29,30,0.7227807576240911,120,,0,0,58,46,False,2026-06-24 06:54:58.735820
305,Samanabad,Faisalabad,False,2026-06-29,30,0.7207382285573448,121,,0,11,58,46,False,2026-06-24 06:54:58.735820
129,Muradpur,Sialkot,False,2026-06-29,30,0.7203386163150586,122,,0,4,58,46,False,2026-06-24 06:54:58.735820
707,Ghaziabad,Lahore,True,2026-06-29,30,0.7186450806050116,123,33.0,1,20,58,46,False,2026-06-24 06:54:58.735820
237,Urban Area,Sargodha,False,2026-06-29,30,0.7180327371143986,124,,0,4,58,46,False,2026-06-24 06:54:58.735820
688,Shafiqafbad,Lahore,True,2026-06-29,30,0.7167764486947574,125,34.0,0,20,58,46,False,2026-06-24 06:54:58.735820
137,Moutra,Sialkot,False,2026-06-29,30,0.7158374346929602,126,,0,4,58,46,False,2026-06-24 06:54:58.735820
336,D-Type Colony,Faisalabad,False,2026-06-29,30,0.7156876278708634,127,,1,11,58,46,False,2026-06-24 06:54:58.735820
372,Multan Cantt,Multan,False,2026-06-29,30,0.714604098572503,128,,0,1,58,46,False,2026-06-24 06:54:58.735820
649,Sanda,Lahore,True,2026-06-29,30,0.7141565167314236,129,35.0,0,20,58,46,False,2026-06-24 06:54:58.735820
10,Mananwala,Sheikhupura,False,2026-06-29,30,0.7121173578859082,130,,2,9,58,46,False,2026-06-24 06:54:58.735820
378,Shah Rukne Alam,Multan,False,2026-06-29,30,0.7105836809691954,131,,0,1,58,46,False,2026-06-24 06:54:58.735820
581,City Hasilpur,Bahawalpur,False,2026-06-29,30,0.7097383963761796,132,,1,4,58,46,False,2026-06-24 06:54:58.735820
414,City Khanewal,Khanewal,False,2026-06-29,30,0.7090870087431659,133,,0,0,58,46,False,2026-06-24 06:54:58.735820
377,New Multan,Multan,False,2026-06-29,30,0.7088127067164682,134,,0,1,58,46,False,2026-06-24 06:54:58.735820
481,Hujra Shah Muqeem,Okara,False,2026-06-29,30,0.7086918699329443,135,,0,2,58,46,False,2026-06-24 06:54:58.735820
135,City Daska,Sialkot,False,2026-06-29,30,0.7078010742663485,136,,0,4,58,46,False,2026-06-24 06:54:58.735820
11,City Muridke,Sheikhupura,False,2026-06-29,30,0.7069539253991327,137,,0,9,58,46,False,2026-06-24 06:54:58.735820
57,Sabzi Mandi,Gujranwala,False,2026-06-29,30,0.7056967787819117,138,,0,2,58,46,False,2026-06-24 06:54:58.735820
483,Haveli Lakha,Okara,False,2026-06-29,30,0.7048963822630165,139,,0,2,58,46,False,2026-06-24 06:54:58.735820
638,Satto Katla,Lahore,True,2026-06-29,30,0.7043650275820585,140,36.0,0,20,58,46,False,2026-06-24 06:54:58.735820
365,Saddar Gojra,T.T. Singh,False,2026-06-29,30,0.7033507696121369,141,,0,0,58,46,False,2026-06-24 06:54:58.735820
430,Jehanian,Khanewal,False,2026-06-29,30,0.6993260693005667,142,,0,0,58,46,False,2026-06-24 06:54:58.735820
361,City Toba,T.T. Singh,False,2026-06-29,30,0.6970569941411142,143,,0,0,58,46,False,2026-06-24 06:54:58.735820
153,Sadar Narowal,Narowal,False,2026-06-29,30,0.6970406475784813,144,,0,1,58,46,False,2026-06-24 06:54:58.735820
468,B Division,Okara,False,2026-06-29,30,0.693509602453937,145,,0,2,58,46,False,2026-06-24 06:54:58.735820
18,Sadar Nankana,Nankana Sb,False,2026-06-29,30,0.6921704371900468,146,,0,4,58,46,False,2026-06-24 06:54:58.735820
184,Wah Cantt,Rawalpindi,False,2026-06-29,30,0.691969398738441,147,,0,4,58,46,False,2026-06-24 06:54:58.735820
66,Sadar Kamoke,Gujranwala,False,2026-06-29,30,0.6910715810528213,148,,0,2,58,46,False,2026-06-24 06:54:58.735820
777,Roshanwala,Faisalabad,False,2026-06-29,30,0.6900596873064383,149,,0,11,58,46,False,2026-06-24 06:54:58.735820
552,City Layyah,Layyah,False,2026-06-29,30,0.6873302455367224,150,,2,2,58,46,False,2026-06-24 06:54:58.735820
56,Khiali,Gujranwala,False,2026-06-29,30,0.6861875857436501,151,,0,2,58,46,False,2026-06-24 06:54:58.735820
666,Town Ship,Lahore,True,2026-06-29,30,0.68617033545821,152,37.0,1,20,58,46,False,2026-06-24 06:54:58.735820
520,City Jampur,Rajanpur,False,2026-06-29,30,0.6858894371266586,153,,2,4,58,46,False,2026-06-24 06:54:58.735820
451,Harrapa,Sahiwal,False,2026-06-29,30,0.6857291292240445,154,,0,1,58,46,False,2026-06-24 06:54:58.735820
54,Civil Lines,Gujranwala,False,2026-06-29,30,0.6840672554361281,155,,0,2,58,46,False,2026-06-24 06:54:58.735820
220,City Chakwal,Chakwal,False,2026-06-29,30,0.6838901499608981,156,,1,2,58,46,False,2026-06-24 06:54:58.735820
310,People Colony,Faisalabad,False,2026-06-29,30,0.6834786572582139,157,,0,11,58,46,False,2026-06-24 06:54:58.735820
29,B Division,Kasur,False,2026-06-29,30,0.6826714221541909,158,,0,3,58,46,False,2026-06-24 06:54:58.735820
195,City,Attock,False,2026-06-29,30,0.6817503508906559,159,,0,1,58,46,False,2026-06-24 06:54:58.735820
154,City Narowal,Narowal,False,2026-06-29,30,0.6815464963962922,160,,1,1,58,46,False,2026-06-24 06:54:58.735820
304,Factory Area,Faisalabad,False,2026-06-29,30,0.6812314108281271,161,,0,11,58,46,False,2026-06-24 06:54:58.735820
495,City Arifwala,Pakpattan,False,2026-06-29,30,0.6805084166651967,162,,0,1,58,46,False,2026-06-24 06:54:58.735820
36,Mustafabad,Kasur,False,2026-06-29,30,0.6786051087084012,163,,0,3,58,46,False,2026-06-24 06:54:58.735820
485,Saddar Pakpattan,Pakpattan,False,2026-06-29,30,0.6773948829071688,164,,0,1,58,46,False,2026-06-24 06:54:58.735820
325,City Tandlianwala,Faisalabad,False,2026-06-29,30,0.6771749241877209,165,,0,11,58,46,False,2026-06-24 06:54:58.735820
487,Chak Bedi,Pakpattan,False,2026-06-29,30,0.6769934754914791,166,,1,1,58,46,False,2026-06-24 06:54:58.735820
12,Sadar Muridke,Sheikhupura,False,2026-06-29,30,0.6759089828986923,167,,1,9,58,46,False,2026-06-24 06:54:58.735820
174,R.A. Bazar,Rawalpindi,False,2026-06-29,30,0.6752088564904771,168,,0,4,58,46,False,2026-06-24 06:54:58.735820
457,City Sahiwal,Sahiwal,False,2026-06-29,30,0.6750139789758042,169,,0,1,58,46,False,2026-06-24 06:54:58.735820
49,Baghbanpura,Gujranwala,False,2026-06-29,30,0.674704972803501,170,,0,2,58,46,False,2026-06-24 06:54:58.735820
366,City Gojra,T.T. Singh,False,2026-06-29,30,0.671304419745237,171,,0,0,58,46,False,2026-06-24 06:54:58.735820
653,Race Course,Lahore,True,2026-06-29,30,0.6712476722565441,172,38.0,0,20,58,46,False,2026-06-24 06:54:58.735820
190,Kallar Syedan,Rawalpindi,False,2026-06-29,30,0.6711062414134616,173,,1,4,58,46,False,2026-06-24 06:54:58.735820
582,Sadar Hasilpur,Bahawalpur,False,2026-06-29,30,0.6695538377504865,174,,0,4,58,46,False,2026-06-24 06:54:58.735820
622,City Khanpur,Rahimyar Khan,False,2026-06-29,30,0.6695230546729207,175,,0,1,58,46,False,2026-06-24 06:54:58.735820
427,Sadar Mianchannu,Khanewal,False,2026-06-29,30,0.6688050916292878,176,,0,0,58,46,False,2026-06-24 06:54:58.735820
429,Chab Kalan No.3517-25/Dev dt26.07.2012,Khanewal,False,2026-06-29,30,0.6687347832007347,177,,0,0,58,46,False,2026-06-24 06:54:58.735820
60,Ferozewala,Gujranwala,False,2026-06-29,30,0.667540590700215,178,,0,2,58,46,False,2026-06-24 06:54:58.735820
572,Uch Sharif,Bahawalpur,False,2026-06-29,30,0.6662122760684775,179,,0,4,58,46,False,2026-06-24 06:54:58.735820
126,Nekapura,Sialkot,False,2026-06-29,30,0.6648469993384959,180,,0,4,58,46,False,2026-06-24 06:54:58.735820
402,City Jalalpur Pirwala,Multan,False,2026-06-29,30,0.6647506278637398,181,,0,1,58,46,False,2026-06-24 06:54:58.735820
606,City B Division,Rahimyar Khan,False,2026-06-29,30,0.6644987195662239,182,,0,1,58,46,False,2026-06-24 06:54:58.735820
562,Civi Lines,Bahawalpur,False,2026-06-29,30,0.6629764122696574,183,,0,4,58,46,False,2026-06-24 06:54:58.735820
537,Khangarh,Muzaffargarh,False,2026-06-29,30,0.6626111416317023,184,,0,0,58,46,False,2026-06-24 06:54:58.735820
357,Chenab Nagar,Chiniot,False,2026-06-29,30,0.6608531036527248,185,,0,0,58,46,False,2026-06-24 06:54:58.735820
168,Banni,Rawalpindi,False,2026-06-29,30,0.660583639079754,186,,0,4,58,46,False,2026-06-24 06:54:58.735820
643,Iqbal Town,Lahore,True,2026-06-29,30,0.6601546385155845,187,39.0,0,20,58,46,False,2026-06-24 06:54:58.735820
355,Bhawanaz,Chiniot,False,2026-06-29,30,0.6590372720137484,188,,0,0,58,46,False,2026-06-24 06:54:58.735820
503,Kala,D.G. Khan,False,2026-06-29,30,0.6582646676781377,189,,3,3,58,46,False,2026-06-24 06:54:58.735820
322,Rodala Road,Faisalabad,False,2026-06-29,30,0.6576566519040818,190,,0,11,58,46,False,2026-06-24 06:54:58.735820
370,Pir Mahal,T.T. Singh,False,2026-06-29,30,0.657516201112131,191,,0,0,58,46,False,2026-06-24 06:54:58.735820
68,Eminabad,Gujranwala,False,2026-06-29,30,0.6569492250633351,192,,0,2,58,46,False,2026-06-24 06:54:58.735820
76,Ali Pur,Gujranwala,False,2026-06-29,30,0.6564415583462724,193,,0,2,58,46,False,2026-06-24 06:54:58.735820
330,Mamunkanjan,Faisalabad,False,2026-06-29,30,0.6562157496138178,194,,1,11,58,46,False,2026-06-24 06:54:58.735820
392,City Shujahbad,Multan,False,2026-06-29,30,0.6555667228170375,195,,0,1,58,46,False,2026-06-24 06:54:58.735820
69,Noushera Virkan,Gujranwala,False,2026-06-29,30,0.6555444907634415,196,,0,2,58,46,False,2026-06-24 06:54:58.735820
346,Mochiwala,Jhang,False,2026-06-29,30,0.653710304514217,197,,1,3,58,46,False,2026-06-24 06:54:58.735820
801,Kala Gujran,Jhelum,False,2026-06-29,30,0.6531186089251793,198,,0,0,58,46,False,2026-06-24 06:54:58.735820
567,Musafir Khana,Bahawalpur,False,2026-06-29,30,0.6524870451571884,199,,1,4,58,46,False,2026-06-24 06:54:58.735820
465,Kassowal,Sahiwal,False,2026-06-29,30,0.6517926695285974,200,,0,1,58,46,False,2026-06-24 06:54:58.735820
494,Qabula,Pakpattan,False,2026-06-29,30,0.6513458534276656,201,,0,1,58,46,False,2026-06-24 06:54:58.735820
428,Tulamba,Khanewal,False,2026-06-29,30,0.6511857719076013,202,,0,0,58,46,False,2026-06-24 06:54:58.735820
52,Dhullay,Gujranwala,False,2026-06-29,30,0.6508282374274703,203,,1,2,58,46,False,2026-06-24 06:54:58.735820
586,Sadar Bahawalnagar,Bahawalnagar,False,2026-06-29,30,0.6500531685654702,204,,0,1,58,46,False,2026-06-24 06:54:58.735820
143,Pasrur City,Sialkot,False,2026-06-29,30,0.6496529934676467,205,,0,4,58,46,False,2026-06-24 06:54:58.735820
690,Badami Bagh,Lahore,True,2026-06-29,30,0.6494046961986097,206,40.0,1,20,58,46,False,2026-06-24 06:54:58.735820
462,Sadar Chichawatni,Sahiwal,False,2026-06-29,30,0.6492477158579079,207,,0,1,58,46,False,2026-06-24 06:54:58.735820
65,City Kamoke,Gujranwala,False,2026-06-29,30,0.6490605259896589,208,,0,2,58,46,False,2026-06-24 06:54:58.735820
165,Reta Amral,Rawalpindi,False,2026-06-29,30,0.6486433737741029,209,,0,4,58,46,False,2026-06-24 06:54:58.735820
189,Kahuta,Rawalpindi,False,2026-06-29,30,0.646231744043953,210,,0,4,58,46,False,2026-06-24 06:54:58.735820
331,City Sammundri,Faisalabad,False,2026-06-29,30,0.6460654137308219,211,,0,11,58,46,False,2026-06-24 06:54:58.735820
43,City Pattoki,Kasur,False,2026-06-29,30,0.6460046650031582,212,,1,3,58,46,False,2026-06-24 06:54:58.735820
623,Sadar Khanpur,Rahimyar Khan,False,2026-06-29,30,0.644623146091924,213,,0,1,58,46,False,2026-06-24 06:54:58.735820
507,Kot Chutta,D.G. Khan,False,2026-06-29,30,0.6445445214702704,214,,0,3,58,46,False,2026-06-24 06:54:58.735820
659,Mozang,Lahore,True,2026-06-29,30,0.6435808416395287,215,41.0,1,20,58,46,False,2026-06-24 06:54:58.735820
163,City Rawalpindi,Rawalpindi,False,2026-06-29,30,0.6425462334628533,216,,0,4,58,46,False,2026-06-24 06:54:58.735820
64,Ladhewala Waraich,Gujranwala,False,2026-06-29,30,0.6425114652775229,217,,0,2,58,46,False,2026-06-24 06:54:58.735820
675,Ichhra,Lahore,True,2026-06-29,30,0.6420005310387372,218,42.0,0,20,58,46,False,2026-06-24 06:54:58.735820
674,Model PS Galib Market,Lahore,True,2026-06-29,30,0.641971831908725,219,43.0,0,20,58,46,False,2026-06-24 06:54:58.735820
701,Defence Area -B,Lahore,True,2026-06-29,30,0.6419052029460187,220,44.0,0,20,58,46,False,2026-06-24 06:54:58.735820
301,Gulberg,Faisalabad,False,2026-06-29,30,0.6414484225584768,221,,0,11,58,46,False,2026-06-24 06:54:58.735820
455,Dera Rahim,Sahiwal,False,2026-06-29,30,0.639925630504033,222,,0,1,58,46,False,2026-06-24 06:54:58.735820
111,City M.B. Din,M.B. Din,False,2026-06-29,30,0.6398679951151407,223,,0,1,58,46,False,2026-06-24 06:54:58.735820
171,Cantt,Rawalpindi,False,2026-06-29,30,0.6396965841370305,224,,0,4,58,46,False,2026-06-24 06:54:58.735820
497,City,D.G. Khan,False,2026-06-29,30,0.6384227911171814,225,,0,3,58,46,False,2026-06-24 06:54:58.735820
544,Jatoi,Muzaffargarh,False,2026-06-29,30,0.6383698241122866,226,,0,0,58,46,False,2026-06-24 06:54:58.735820
219,Saddar Chakwal,Chakwal,False,2026-06-29,30,0.6381214271560551,227,,1,2,58,46,False,2026-06-24 06:54:58.735820
231,Jhal Chakian,Sargodha,False,2026-06-29,30,0.6378240021072286,228,,0,4,58,46,False,2026-06-24 06:54:58.735820
53,Satellite Town,Gujranwala,False,2026-06-29,30,0.6377740633482494,229,,0,2,58,46,False,2026-06-24 06:54:58.735820
694,Misri Shah,Lahore,True,2026-06-29,30,0.6362773167539477,230,45.0,0,20,58,46,False,2026-06-24 06:54:58.735820
445,Sadar Burewala,Vehari,False,2026-06-29,30,0.6362657075534602,231,,0,0,58,46,False,2026-06-24 06:54:58.735820
144,Pasrur Sadar,Sialkot,False,2026-06-29,30,0.6359605936875975,232,,0,4,58,46,False,2026-06-24 06:54:58.735820
191,Murree,Murree,False,2026-06-29,30,0.6354887757825173,233,,0,0,58,46,False,2026-06-24 06:54:58.735820
28,ADivision,Kasur,False,2026-06-29,30,0.6352720997375868,234,,0,3,58,46,False,2026-06-24 06:54:58.735820
326,Sadar Tandlianwala,Faisalabad,False,2026-06-29,30,0.6342795887160296,235,,0,11,58,46,False,2026-06-24 06:54:58.735820
408,Saddar Dunya Pur,Lodhran,False,2026-06-29,30,0.6339519253373082,236,,0,1,58,46,False,2026-06-24 06:54:58.735820
459,Fateh Sher,Sahiwal,False,2026-06-29,30,0.6337799275351083,237,,0,1,58,46,False,2026-06-24 06:54:58.735820
127,Rangpura,Sialkot,False,2026-06-29,30,0.6326723259539493,238,,0,4,58,46,False,2026-06-24 06:54:58.735820
536,Shah Jamal,Muzaffargarh,False,2026-06-29,30,0.6315892440209002,239,,0,0,58,46,False,2026-06-24 06:54:58.735820
230,Sadar,Sargodha,False,2026-06-29,30,0.6307714987426397,240,,0,4,58,46,False,2026-06-24 06:54:58.735820
50,Garjakh,Gujranwala,False,2026-06-29,30,0.630571826335806,241,,0,2,58,46,False,2026-06-24 06:54:58.735820
340,Sadar Jhang,Jhang,False,2026-06-29,30,0.6305425147090734,242,,0,3,58,46,False,2026-06-24 06:54:58.735820
574,Naushehra Jadid,Bahawalpur,False,2026-06-29,30,0.6303311061670063,243,,0,4,58,46,False,2026-06-24 06:54:58.735820
415,Sadar Khanewal,Khanewal,False,2026-06-29,30,0.6300239963581679,244,,0,0,58,46,False,2026-06-24 06:54:58.735820
568,City Ahmadpur East,Bahawalpur,False,2026-06-29,30,0.629468220531325,245,,0,4,58,46,False,2026-06-24 06:54:58.735820
238,Cantt,Sargodha,False,2026-06-29,30,0.6292731720483015,246,,0,4,58,46,False,2026-06-24 06:54:58.735820
437,Machiwal,Vehari,False,2026-06-29,30,0.6289732409746953,247,,0,0,58,46,False,2026-06-24 06:54:58.735820
44,Sadar Pattoki,Kasur,False,2026-06-29,30,0.6276523386306362,248,,0,3,58,46,False,2026-06-24 06:54:58.735820
515,City Rajanpur,Rajanpur,False,2026-06-29,30,0.6276047227717721,249,,0,4,58,46,False,2026-06-24 06:54:58.735820
580,Khairpur Tamewali,Bahawalpur,False,2026-06-29,30,0.6270891899189882,250,,0,4,58,46,False,2026-06-24 06:54:58.735820
557,Fatehpur,Layyah,False,2026-06-29,30,0.6260736534489107,251,,0,2,58,46,False,2026-06-24 06:54:58.735820
566,Samma Satta,Bahawalpur,False,2026-06-29,30,0.6256130379068581,252,,0,4,58,46,False,2026-06-24 06:54:58.735820
492,Saddar Arifwala,Pakpattan,False,2026-06-29,30,0.6253572331061168,253,,0,1,58,46,False,2026-06-24 06:54:58.735820
136,Sadar Daska,Sialkot,False,2026-06-29,30,0.6248255651984602,254,,0,4,58,46,False,2026-06-24 06:54:58.735820
711,Bata Pur,Lahore,True,2026-06-29,30,0.6247857259498385,255,46.0,0,20,58,46,False,2026-06-24 06:54:58.735820
375,Sadar Multan,Multan,False,2026-06-29,30,0.6240831702185812,256,,0,1,58,46,False,2026-06-24 06:54:58.735820
70,Tatlay Aali,Gujranwala,False,2026-06-29,30,0.6234261101112071,257,,0,2,58,46,False,2026-06-24 06:54:58.735820
194,Sadar,Attock,False,2026-06-29,30,0.6233386802876052,258,,0,1,58,46,False,2026-06-24 06:54:58.735820
480,Saddar Depalpur,Okara,False,2026-06-29,30,0.6230069379264223,259,,0,2,58,46,False,2026-06-24 06:54:58.735820
416,Khanewal Kohana,Khanewal,False,2026-06-29,30,0.6228940670886703,260,,0,0,58,46,False,2026-06-24 06:54:58.735820
25,Mangtanwala,Nankana Sb,False,2026-06-29,30,0.6225908652306257,261,,0,4,58,46,False,2026-06-24 06:54:58.735820
333,Mureedwala,Faisalabad,False,2026-06-29,30,0.6225054802995307,262,,0,11,58,46,False,2026-06-24 06:54:58.735820
251,Sillanwali,Sargodha,False,2026-06-29,30,0.6224752736895304,263,,0,4,58,46,False,2026-06-24 06:54:58.735820
584,City A Division,Bahawalnagar,False,2026-06-29,30,0.6224632579235136,264,,1,1,58,46,False,2026-06-24 06:54:58.735820
700,Defence Area -A,Lahore,True,2026-06-29,30,0.6224142458950286,265,47.0,0,20,58,46,False,2026-06-24 06:54:58.735820
559,Chowk Azam,Layyah,False,2026-06-29,30,0.6222141610678923,266,,0,2,58,46,False,2026-06-24 06:54:58.735820
453,Noor Shah,Sahiwal,False,2026-06-29,30,0.6218244393895107,267,,0,1,58,46,False,2026-06-24 06:54:58.735820
545,Shehar Sultan,Muzaffargarh,False,2026-06-29,30,0.6211434034310955,268,,0,0,58,46,False,2026-06-24 06:54:58.735820
40,Ellahabad,Kasur,False,2026-06-29,30,0.6207165918578957,269,,0,3,58,46,False,2026-06-24 06:54:58.735820
77,Ahmad Nagar,Gujranwala,False,2026-06-29,30,0.6206980219825594,270,,0,2,58,46,False,2026-06-24 06:54:58.735820
58,Peoples Colony,Gujranwala,False,2026-06-29,30,0.6205885753445082,271,,0,2,58,46,False,2026-06-24 06:54:58.735820
822,Tayyab Saeed Shaheed,Okara,False,2026-06-29,30,0.6203186701308183,272,,0,2,58,46,False,2026-06-24 06:54:58.735820
309,Sandal Bar,Faisalabad,False,2026-06-29,30,0.6182625138219952,273,,0,11,58,46,False,2026-06-24 06:54:58.735820
592,McLeod Gang,Bahawalnagar,False,2026-06-29,30,0.6156477785132287,274,,0,1,58,46,False,2026-06-24 06:54:58.735820
702,City A Division,Bahawalnagar,False,2026-06-29,30,0.6153895000966019,275,,0,1,58,46,False,2026-06-24 06:54:58.735820
556,Karor,Layyah,False,2026-06-29,30,0.6150339398500654,276,,0,2,58,46,False,2026-06-24 06:54:58.735820
477,Sadar Renala Khurd,Okara,False,2026-06-29,30,0.6147743508725988,277,,1,2,58,46,False,2026-06-24 06:54:58.735820
106,Kakrali,Gujrat,False,2026-06-29,30,0.6144826275749399,278,,2,3,58,46,False,2026-06-24 06:54:58.735820
118,Phalia,M.B. Din,False,2026-06-29,30,0.613828700662363,279,,0,1,58,46,False,2026-06-24 06:54:58.735820
96,Kunjah,Gujrat,False,2026-06-29,30,0.6136141384307552,280,,1,3,58,46,False,2026-06-24 06:54:58.735820
332,Sadar Sammundri,Faisalabad,False,2026-06-29,30,0.6116902450076873,281,,0,11,58,46,False,2026-06-24 06:54:58.735820
187,Mandra,Rawalpindi,False,2026-06-29,30,0.6114683562474525,282,,0,4,58,46,False,2026-06-24 06:54:58.735820
236,Factory Area,Sargodha,False,2026-06-29,30,0.6113133829093516,283,,1,4,58,46,False,2026-06-24 06:54:58.735820
41,Kanganpur,Kasur,False,2026-06-29,30,0.6107604979316837,284,,0,3,58,46,False,2026-06-24 06:54:58.735820
47,City Phool Nagar,Kasur,False,2026-06-29,30,0.6107593763330068,285,,0,3,58,46,False,2026-06-24 06:54:58.735820
345,Qadir pur,Jhang,False,2026-06-29,30,0.6095071959053064,286,,1,3,58,46,False,2026-06-24 06:54:58.735820
506,Drahma,D.G. Khan,False,2026-06-29,30,0.6089837888414853,287,,0,3,58,46,False,2026-06-24 06:54:58.735820
411,Saddar Kahror Pacca,Lodhran,False,2026-06-29,30,0.6069476137459207,288,,0,1,58,46,False,2026-06-24 06:54:58.735820
576,Sadar Yazman,Bahawalpur,False,2026-06-29,30,0.6057172267508917,289,,0,4,58,46,False,2026-06-24 06:54:58.735820
538,Rohillanwali,Muzaffargarh,False,2026-06-29,30,0.6055178564370385,290,,0,0,58,46,False,2026-06-24 06:54:58.735820
443,City Burewala,Vehari,False,2026-06-29,30,0.6052857703316923,291,,0,0,58,46,False,2026-06-24 06:54:58.735820
172,Westrdige,Rawalpindi,False,2026-06-29,30,0.6049563625745124,292,,0,4,58,46,False,2026-06-24 06:54:58.735820
178,Morgah,Rawalpindi,False,2026-06-29,30,0.6049558519240258,293,,0,4,58,46,False,2026-06-24 06:54:58.735820
107,Dinga,Gujrat,False,2026-06-29,30,0.6043673732513765,294,,0,3,58,46,False,2026-06-24 06:54:58.735820
608,Sadar R.Y. Khan,Rahimyar Khan,False,2026-06-29,30,0.6042439019861264,295,,0,1,58,46,False,2026-06-24 06:54:58.735820
585,City B Division,Bahawalnagar,False,2026-06-29,30,0.60406662301689,296,,0,1,58,46,False,2026-06-24 06:54:58.735820
321,Satiana,Faisalabad,False,2026-06-29,30,0.6038749321564182,297,,0,11,58,46,False,2026-06-24 06:54:58.735820
625,Zahir Pir,Rahimyar Khan,False,2026-06-29,30,0.6038703955733546,298,,0,1,58,46,False,2026-06-24 06:54:58.735820
235,City Sargodha,Sargodha,False,2026-06-29,30,0.6036499343822141,299,,0,4,58,46,False,2026-06-24 06:54:58.735820
423,Sarai Sidhu,Khanewal,False,2026-06-29,30,0.602889996215076,300,,0,0,58,46,False,2026-06-24 06:54:58.735820
292,Kallurkot,Bhakkar,False,2026-06-29,30,0.6018046953911096,301,,1,1,58,46,False,2026-06-24 06:54:58.735820
363,Chuttiana,T.T. Singh,False,2026-06-29,30,0.6015874056443415,302,,0,0,58,46,False,2026-06-24 06:54:58.735820
241,Bhalwal,Sargodha,False,2026-06-29,30,0.5996750991742257,303,,0,4,58,46,False,2026-06-24 06:54:58.735820
6,Saddar Farooqabad,Sheikhupura,False,2026-06-29,30,0.5990537563243354,304,,0,9,58,46,False,2026-06-24 06:54:58.735820
99,Sadar Gujrat,Gujrat,False,2026-06-29,30,0.5989463695018542,305,,0,3,58,46,False,2026-06-24 06:54:58.735820
474,Chuchak,Okara,False,2026-06-29,30,0.5987990412849103,306,,0,2,58,46,False,2026-06-24 06:54:58.735820
104,Sadar Kharian,Gujrat,False,2026-06-29,30,0.5984981409800066,307,,0,3,58,46,False,2026-06-24 06:54:58.735820
324,Baluchni,Faisalabad,False,2026-06-29,30,0.5984751518638175,308,,0,11,58,46,False,2026-06-24 06:54:58.735820
607,City C Division,Rahimyar Khan,False,2026-06-29,30,0.5964750072572524,309,,0,1,58,46,False,2026-06-24 06:54:58.735820
518,Kot Mithan,Rajanpur,False,2026-06-29,30,0.5961605897351291,310,,1,4,58,46,False,2026-06-24 06:54:58.735820
434,Thingi,Vehari,False,2026-06-29,30,0.5948914042496883,311,,0,0,58,46,False,2026-06-24 06:54:58.735820
616,Sadar Sadiqabad,Rahimyar Khan,False,2026-06-29,30,0.5944382129333721,312,,0,1,58,46,False,2026-06-24 06:54:58.735820
456,Kamir,Sahiwal,False,2026-06-29,30,0.5939481966761225,313,,1,1,58,46,False,2026-06-24 06:54:58.735820
472,Gogera,Okara,False,2026-06-29,30,0.5936347825193555,314,,0,2,58,46,False,2026-06-24 06:54:58.735820
482,Basirpur,Okara,False,2026-06-29,30,0.5927830833434878,315,,0,2,58,46,False,2026-06-24 06:54:58.735820
554,Kot Sultan,Layyah,False,2026-06-29,30,0.5909515241090486,316,,0,2,58,46,False,2026-06-24 06:54:58.735820
329,Garh,Faisalabad,False,2026-06-29,30,0.5906350863271091,317,,0,11,58,46,False,2026-06-24 06:54:58.735820
575,City Yazman,Bahawalpur,False,2026-06-29,30,0.5905381832622234,318,,0,4,58,46,False,2026-06-24 06:54:58.735820
532,Civil Lines,Muzaffargarh,False,2026-06-29,30,0.5903282668932044,319,,0,0,58,46,False,2026-06-24 06:54:58.735820
112,Sadar M.B. Din,M.B. Din,False,2026-06-29,30,0.5903051972961856,320,,1,1,58,46,False,2026-06-24 06:54:58.735820
498,Sadar,D.G. Khan,False,2026-06-29,30,0.5898810515652193,321,,0,3,58,46,False,2026-06-24 06:54:58.735820
73,Sadar Wazirabad,Gujranwala,False,2026-06-29,30,0.589745881898575,322,,0,2,58,46,False,2026-06-24 06:54:58.735820
627,City Liaqatpur,Rahimyar Khan,False,2026-06-29,30,0.5895546818147842,323,,0,1,58,46,False,2026-06-24 06:54:58.735820
161,Zafarwal,Narowal,False,2026-06-29,30,0.5894926764996631,324,,0,1,58,46,False,2026-06-24 06:54:58.735820
67,Wahndo,Gujranwala,False,2026-06-29,30,0.5878099466970033,325,,1,2,58,46,False,2026-06-24 06:54:58.735820
344,Massan,Jhang,False,2026-06-29,30,0.5875879261179711,326,,0,3,58,46,False,2026-06-24 06:54:58.735820
466,Ghaziabad,Sahiwal,False,2026-06-29,30,0.5866460130422383,327,,0,1,58,46,False,2026-06-24 06:54:58.735820
560,Kotwali,Bahawalpur,False,2026-06-29,30,0.5860574005628094,328,,0,4,58,46,False,2026-06-24 06:54:58.735820
446,Gaggo,Vehari,False,2026-06-29,30,0.5859612167133933,329,,0,0,58,46,False,2026-06-24 06:54:58.735820
435,Ludden,Vehari,False,2026-06-29,30,0.5853749522302768,330,,0,0,58,46,False,2026-06-24 06:54:58.735820
45,Sadar Phool Nagar,Kasur,False,2026-06-29,30,0.5841116243540575,331,,0,3,58,46,False,2026-06-24 06:54:58.735820
442,Tibba Sultan Pur,Vehari,False,2026-06-29,30,0.5839560005076188,332,,0,0,58,46,False,2026-06-24 06:54:58.735820
334,Tarkhani,Faisalabad,False,2026-06-29,30,0.5831878855459552,333,,0,11,58,46,False,2026-06-24 06:54:58.735820
577,Head Rajkan,Bahawalpur,False,2026-06-29,30,0.5821159021759496,334,,0,4,58,46,False,2026-06-24 06:54:58.735820
362,Saddar Toba,T.T. Singh,False,2026-06-29,30,0.5819555608571547,335,,0,0,58,46,False,2026-06-24 06:54:58.735820
636,Mustafa Town,Lahore,True,2026-06-29,30,0.5818726777421566,336,48.0,0,20,58,46,False,2026-06-24 06:54:58.735820
13,Narang,Sheikhupura,False,2026-06-29,30,0.5816981913288577,337,,0,9,58,46,False,2026-06-24 06:54:58.735820
267,City,Mianwali,False,2026-06-29,30,0.5816371794898405,338,,0,0,58,46,False,2026-06-24 06:54:58.735820
393,Raja Ram,Multan,False,2026-06-29,30,0.5811342320784488,339,,0,1,58,46,False,2026-06-24 06:54:58.735820
558,Choubara,Layyah,False,2026-06-29,30,0.580529590133785,340,,0,2,58,46,False,2026-06-24 06:54:58.735820
316,Sahianwala,Faisalabad,False,2026-06-29,30,0.580211269912769,341,,0,11,58,46,False,2026-06-24 06:54:58.735820
212,Dina,Jhelum,False,2026-06-29,30,0.5795228013985955,342,,0,0,58,46,False,2026-06-24 06:54:58.735820
132,Kotli Loharan,Sialkot,False,2026-06-29,30,0.5793547527687191,343,,0,4,58,46,False,2026-06-24 06:54:58.735820
444,Model Town,Vehari,False,2026-06-29,30,0.5789913168170188,344,,0,0,58,46,False,2026-06-24 06:54:58.735820
539,City Alipur,Muzaffargarh,False,2026-06-29,30,0.5788083812510042,345,,0,0,58,46,False,2026-06-24 06:54:58.735820
569,Sadar Ahmadpur East,Bahawalpur,False,2026-06-29,30,0.578600066165049,346,,0,4,58,46,False,2026-06-24 06:54:58.735820
418,Kaccha Khuh,Khanewal,False,2026-06-29,30,0.5781646926907704,347,,0,0,58,46,False,2026-06-24 06:54:58.735820
351,Ahmad Pur Sial,Jhang,False,2026-06-29,30,0.5779738762963996,348,,0,3,58,46,False,2026-06-24 06:54:58.735820
139,Satrah,Sialkot,False,2026-06-29,30,0.5768422904939926,349,,0,4,58,46,False,2026-06-24 06:54:58.735820
440,Karampur,Vehari,False,2026-06-29,30,0.5765841929901809,350,,0,0,58,46,False,2026-06-24 06:54:58.735820
243,Bhera,Sargodha,False,2026-06-29,30,0.5764264140154326,351,,0,4,58,46,False,2026-06-24 06:54:58.735820
439,City Mailsi,Vehari,False,2026-06-29,30,0.5745021776292155,352,,0,0,58,46,False,2026-06-24 06:54:58.735820
80,Sadar Hafizabad,Hafizabad,False,2026-06-29,30,0.5738753132333042,353,,0,1,58,46,False,2026-06-24 06:54:58.735820
463,City Chichawatni,Sahiwal,False,2026-06-29,30,0.5736113315251444,354,,0,1,58,46,False,2026-06-24 06:54:58.735820
258,City Jauhrabad,Khushab,False,2026-06-29,30,0.573565279529855,355,,0,0,58,46,False,2026-06-24 06:54:58.735820
63,Qila Dedar Singh,Gujranwala,False,2026-06-29,30,0.573384482737313,356,,0,2,58,46,False,2026-06-24 06:54:58.735820
605,City A Division,Rahimyar Khan,False,2026-06-29,30,0.5729452581282402,357,,0,1,58,46,False,2026-06-24 06:54:58.735820
211,Saddar Jhelum,Jhelum,False,2026-06-29,30,0.5725971588393836,358,,0,0,58,46,False,2026-06-24 06:54:58.735820
665,Naseerabadf,Lahore,True,2026-06-29,30,0.5723950379597298,359,49.0,0,20,58,46,False,2026-06-24 06:54:58.735820
526,Rojhan,Rajanpur,False,2026-06-29,30,0.5721700041280121,360,,1,4,58,46,False,2026-06-24 06:54:58.735820
133,Kotli Said Mir,Sialkot,False,2026-06-29,30,0.5717103465425996,361,,0,4,58,46,False,2026-06-24 06:54:58.735820
115,Malikwal,M.B. Din,False,2026-06-29,30,0.5713465806216156,362,,0,1,58,46,False,2026-06-24 06:54:58.735820
677,Garden Town,Lahore,True,2026-06-29,30,0.5712856624717724,363,50.0,0,20,58,46,False,2026-06-24 06:54:58.735820
751,Manga Mandi,Lahore,True,2026-06-29,30,0.5707104605722494,364,51.0,0,20,58,46,False,2026-06-24 06:54:58.735820
613,Rukanpur,Rahimyar Khan,False,2026-06-29,30,0.5705664640896633,365,,1,1,58,46,False,2026-06-24 06:54:58.735820
508,Choti,D.G. Khan,False,2026-06-29,30,0.5704512645320315,366,,0,3,58,46,False,2026-06-24 06:54:58.735820
84,Sadar Pindi Bhattian,Hafizabad,False,2026-06-29,30,0.5703566633252093,367,,1,1,58,46,False,2026-06-24 06:54:58.735820
630,Tranda Mohammad Panah,Rahimyar Khan,False,2026-06-29,30,0.5690344320696176,368,,0,1,58,46,False,2026-06-24 06:54:58.735820
253,Kot Momin,Sargodha,False,2026-06-29,30,0.568300763103559,369,,0,4,58,46,False,2026-06-24 06:54:58.735820
46,Sarai Mughal,Kasur,False,2026-06-29,30,0.5680479980822405,370,,0,3,58,46,False,2026-06-24 06:54:58.735820
368,Sadar Kamalia,T.T. Singh,False,2026-06-29,30,0.5679807667912018,371,,0,0,58,46,False,2026-06-24 06:54:58.735820
419,City Kabirwala,Khanewal,False,2026-06-29,30,0.5676350547955047,372,,0,0,58,46,False,2026-06-24 06:54:58.735820
113,Kuthiala Sheikhan,M.B. Din,False,2026-06-29,30,0.5674106224751727,373,,0,1,58,46,False,2026-06-24 06:54:58.735820
631,Shedani Sharif,Rahimyar Khan,False,2026-06-29,30,0.5670475803134332,374,,0,1,58,46,False,2026-06-24 06:54:58.735820
490,City Pakpattan,Pakpattan,False,2026-06-29,30,0.5668408597535152,375,,0,1,58,46,False,2026-06-24 06:54:58.735820
436,Danewal,Vehari,False,2026-06-29,30,0.5664758734782871,376,,0,0,58,46,False,2026-06-24 06:54:58.735820
441,Mitroo,Vehari,False,2026-06-29,30,0.5664637771045651,377,,0,0,58,46,False,2026-06-24 06:54:58.735820
123,Civil Lines,Sialkot,False,2026-06-29,30,0.566262170784625,378,,0,4,58,46,False,2026-06-24 06:54:58.735820
246,Shahpur Sadar,Sargodha,False,2026-06-29,30,0.5662414458716152,379,,2,4,58,46,False,2026-06-24 06:54:58.735820
297,Rail Bazar,Faisalabad,False,2026-06-29,30,0.5657017803005527,380,,0,11,58,46,False,2026-06-24 06:54:58.735820
298,Kotwali,Faisalabad,False,2026-06-29,30,0.5651757545599737,381,,0,11,58,46,False,2026-06-24 06:54:58.735820
531,City M.Garh,Muzaffargarh,False,2026-06-29,30,0.5648515383551044,382,,0,0,58,46,False,2026-06-24 06:54:58.735820
749,Barki,Lahore,True,2026-06-29,30,0.5644248637100509,383,52.0,0,20,58,46,False,2026-06-24 06:54:58.735820
30,Khudian,Kasur,False,2026-06-29,30,0.5641647940719987,384,,0,3,58,46,False,2026-06-24 06:54:58.735820
641,Thana Shaheen,Gujrat,False,2026-06-29,30,0.5641106168104532,385,,0,3,58,46,False,2026-06-24 06:54:58.735820
754,18-Hazari,Jhang,False,2026-06-29,30,0.5638998915061474,386,,0,3,58,46,False,2026-06-24 06:54:58.735820
761,PS City Kot Addu,Muzaffargarh,False,2026-06-29,30,0.563825129242733,387,,0,0,58,46,False,2026-06-24 06:54:58.735820
629,Pacca Laran,Rahimyar Khan,False,2026-06-29,30,0.5631963955428558,388,,0,1,58,46,False,2026-06-24 06:54:58.735820
204,Pindi Gheb,Attock,False,2026-06-29,30,0.5627790737230633,389,,0,1,58,46,False,2026-06-24 06:54:58.735820
8,Safdarabad,Sheikhupura,False,2026-06-29,30,0.5626279576562729,390,,0,9,58,46,False,2026-06-24 06:54:58.735820
600,Sadar Haroonabad,Bahawalnagar,False,2026-06-29,30,0.5625038548392612,391,,0,1,58,46,False,2026-06-24 06:54:58.735820
75,Ghakhar Mandi,Gujranwala,False,2026-06-29,30,0.5622642328124258,392,,0,2,58,46,False,2026-06-24 06:54:58.735820
464,Shah Kot,Sahiwal,False,2026-06-29,30,0.5621462010439943,393,,0,1,58,46,False,2026-06-24 06:54:58.735820
590,Minchinabad,Bahawalnagar,False,2026-06-29,30,0.5618184032200939,394,,0,1,58,46,False,2026-06-24 06:54:58.735820
565,Abbasnagar,Bahawalpur,False,2026-06-29,30,0.561410887559485,395,,0,4,58,46,False,2026-06-24 06:54:58.735820
597,Dahranwala,Bahawalnagar,False,2026-06-29,30,0.5605648650771731,396,,0,1,58,46,False,2026-06-24 06:54:58.735820
488,Malka Hans,Pakpattan,False,2026-06-29,30,0.5597979228745559,397,,0,1,58,46,False,2026-06-24 06:54:58.735820
422,Nawan Shehar,Khanewal,False,2026-06-29,30,0.5596280916472683,398,,0,0,58,46,False,2026-06-24 06:54:58.735820
145,Sabzpir,Sialkot,False,2026-06-29,30,0.5592948383776987,399,,0,4,58,46,False,2026-06-24 06:54:58.735820
601,Faqeer Wali,Bahawalnagar,False,2026-06-29,30,0.5590151201655899,400,,0,1,58,46,False,2026-06-24 06:54:58.735820
650,Gulshan Ravi,Lahore,True,2026-06-29,30,0.5587972452874228,401,53.0,0,20,58,46,False,2026-06-24 06:54:58.735820
23,Sadar Shahkot,Nankana Sb,False,2026-06-29,30,0.5587598050360192,402,,1,4,58,46,False,2026-06-24 06:54:58.735820
420,Saddar Kabirwala,Khanewal,False,2026-06-29,30,0.5585665716756798,403,,0,0,58,46,False,2026-06-24 06:54:58.735820
156,City Shakargarh,Narowal,False,2026-06-29,30,0.5583506348643476,404,,0,1,58,46,False,2026-06-24 06:54:58.735820
55,Jinnah Road,Gujranwala,False,2026-06-29,30,0.5582034356216575,405,,0,2,58,46,False,2026-06-24 06:54:58.735820
404,Sadar Lodhra,Lodhran,False,2026-06-29,30,0.5575501802274884,406,,0,1,58,46,False,2026-06-24 06:54:58.735820
39,City Chunian,Kasur,False,2026-06-29,30,0.5575492158594142,407,,0,3,58,46,False,2026-06-24 06:54:58.735820
350,Garh Maha Raja,Jhang,False,2026-06-29,30,0.5573030281046973,408,,0,3,58,46,False,2026-06-24 06:54:58.735820
182,Chountra,Rawalpindi,False,2026-06-29,30,0.5566845122142066,409,,0,4,58,46,False,2026-06-24 06:54:58.735820
320,Lundianwali,Faisalabad,False,2026-06-29,30,0.5565914422765631,410,,0,11,58,46,False,2026-06-24 06:54:58.735820
5,City Farooqabad,Sheikhupura,False,2026-06-29,30,0.5565537394582645,411,,0,9,58,46,False,2026-06-24 06:54:58.735820
500,B Division,D.G. Khan,False,2026-06-29,30,0.5564766808848194,412,,0,3,58,46,False,2026-06-24 06:54:58.735820
164,Gunjmandi,Rawalpindi,False,2026-06-29,30,0.5558020593043351,413,,0,4,58,46,False,2026-06-24 06:54:58.735820
376,Alpa,Multan,False,2026-06-29,30,0.555288129912486,414,,0,1,58,46,False,2026-06-24 06:54:58.735820
242,Sadar Bhalwal,Sargodha,False,2026-06-29,30,0.5548397905146776,415,,0,4,58,46,False,2026-06-24 06:54:58.735820
475,Satgharah,Okara,False,2026-06-29,30,0.5547181574716636,416,,0,2,58,46,False,2026-06-24 06:54:58.735820
92,Lorry Adda,Gujrat,False,2026-06-29,30,0.5540458129204691,417,,0,3,58,46,False,2026-06-24 06:54:58.735820
369,City Kamalia,T.T. Singh,False,2026-06-29,30,0.5539874503017033,418,,0,0,58,46,False,2026-06-24 06:54:58.735820
353,Rajoya,Chiniot,False,2026-06-29,30,0.5539702241041705,419,,0,0,58,46,False,2026-06-24 06:54:58.735820
199,Fateh Jang,Attock,False,2026-06-29,30,0.5535300722438796,420,,0,1,58,46,False,2026-06-24 06:54:58.735820
382,Loharigate,Multan,False,2026-06-29,30,0.5533286036799745,421,,0,1,58,46,False,2026-06-24 06:54:58.735820
240,Sajid Shaheed,Sargodha,False,2026-06-29,30,0.5533012098859553,422,,0,4,58,46,False,2026-06-24 06:54:58.735820
249,Sahiwal,Sargodha,False,2026-06-29,30,0.5526406365603446,423,,0,4,58,46,False,2026-06-24 06:54:58.735820
374,Chehlyak,Multan,False,2026-06-29,30,0.552263906723536,424,,0,1,58,46,False,2026-06-24 06:54:58.735820
521,Muhammadpur,Rajanpur,False,2026-06-29,30,0.5507238460872362,425,,0,4,58,46,False,2026-06-24 06:54:58.735820
22,City Shahkot,Nankana Sb,False,2026-06-29,30,0.550114783104191,426,,1,4,58,46,False,2026-06-24 06:54:58.735820
533,Sadar M.Garh,Muzaffargarh,False,2026-06-29,30,0.5500866652831387,427,,0,0,58,46,False,2026-06-24 06:54:58.735820
138,Bambanwala,Sialkot,False,2026-06-29,30,0.5495454056927581,428,,0,4,58,46,False,2026-06-24 06:54:58.735820
157,Noor Kot,Narowal,False,2026-06-29,30,0.5492350480461826,429,,0,1,58,46,False,2026-06-24 06:54:58.735820
678,Faisal Town,Lahore,True,2026-06-29,30,0.5481618772750781,430,54.0,0,20,58,46,False,2026-06-24 06:54:58.735820
356,Langrana,Chiniot,False,2026-06-29,30,0.5469034270719902,431,,0,0,58,46,False,2026-06-24 06:54:58.735820
658,Lytton Road,Lahore,True,2026-06-29,30,0.5467957982906785,432,55.0,0,20,58,46,False,2026-06-24 06:54:58.735820
391,Sadar Shujahbad,Multan,False,2026-06-29,30,0.5466775543711115,433,,0,1,58,46,False,2026-06-24 06:54:58.735820
553,Sadar Layyah,Layyah,False,2026-06-29,30,0.546316741607399,434,,0,2,58,46,False,2026-06-24 06:54:58.735820
470,Shahbore,Okara,False,2026-06-29,30,0.5460731167211822,435,,0,2,58,46,False,2026-06-24 06:54:58.735820
425,Abdul Hakim,Khanewal,False,2026-06-29,30,0.5448897068224532,436,,0,0,58,46,False,2026-06-24 06:54:58.735820
196,Hazro,Attock,False,2026-06-29,30,0.5448192561475504,437,,0,1,58,46,False,2026-06-24 06:54:58.735820
614,Abadpur,Rahimyar Khan,False,2026-06-29,30,0.5443923422091336,438,,0,1,58,46,False,2026-06-24 06:54:58.735820
571,Chanigoth,Bahawalpur,False,2026-06-29,30,0.5439009463270977,439,,1,4,58,46,False,2026-06-24 06:54:58.735820
602,Fortabbas,Bahawalnagar,False,2026-06-29,30,0.5438344617340368,440,,0,1,58,46,False,2026-06-24 06:54:58.735820
802,Tapyala,Narowal,False,2026-06-29,30,0.5436702165525017,441,,0,1,58,46,False,2026-06-24 06:54:58.735820
101,Sadar Lalamusa,Gujrat,False,2026-06-29,30,0.5433472698688249,442,,0,3,58,46,False,2026-06-24 06:54:58.735820
286,Sadar Bhakkar,Bhakkar,False,2026-06-29,30,0.5425640097382999,443,,0,1,58,46,False,2026-06-24 06:54:58.735820
51,Model Town,Gujranwala,False,2026-06-29,30,0.5421338338979198,444,,0,2,58,46,False,2026-06-24 06:54:58.735820
21,Sadar SanglaHill,Nankana Sb,False,2026-06-29,30,0.5409855462990397,445,,1,4,58,46,False,2026-06-24 06:54:58.735820
519,Jampur,Rajanpur,False,2026-06-29,30,0.5401166656948279,446,,0,4,58,46,False,2026-06-24 06:54:58.735820
82,Vanikay Tarar,Hafizabad,False,2026-06-29,30,0.5395041082062279,447,,0,1,58,46,False,2026-06-24 06:54:58.735820
94,Sadar Jalalpur Jattan,Gujrat,False,2026-06-29,30,0.5388226873035296,448,,0,3,58,46,False,2026-06-24 06:54:58.735820
120,Qadirabad,M.B. Din,False,2026-06-29,30,0.5376780753259985,449,,0,1,58,46,False,2026-06-24 06:54:58.735820
578,Derawar,Bahawalpur,False,2026-06-29,30,0.5370861304807062,450,,0,4,58,46,False,2026-06-24 06:54:58.735820
501,Civil Lines,D.G. Khan,False,2026-06-29,30,0.5365787218610768,451,,0,3,58,46,False,2026-06-24 06:54:58.735820
160,Shah Gharib,Narowal,False,2026-06-29,30,0.5363744290622815,452,,0,1,58,46,False,2026-06-24 06:54:58.735820
775,Buchiana,Faisalabad,False,2026-06-29,30,0.5362931236509957,453,,0,11,58,46,False,2026-06-24 06:54:58.735820
610,Iqbalabad,Rahimyar Khan,False,2026-06-29,30,0.5357585541964388,454,,0,1,58,46,False,2026-06-24 06:54:58.735820
473,Ravi,Okara,False,2026-06-29,30,0.535479758556603,455,,0,2,58,46,False,2026-06-24 06:54:58.735820
647,Samanabad,Lahore,True,2026-06-29,30,0.535454079124126,456,56.0,0,20,58,46,False,2026-06-24 06:54:58.735820
689,Ravi Road,Lahore,True,2026-06-29,30,0.535329163571343,457,57.0,0,20,58,46,False,2026-06-24 06:54:58.735820
259,Khushab,Khushab,False,2026-06-29,30,0.5351439816949433,458,,0,0,58,46,False,2026-06-24 06:54:58.735820
95,Daulat Nagar,Gujrat,False,2026-06-29,30,0.5346378017934951,459,,0,3,58,46,False,2026-06-24 06:54:58.735820
612,Kot Samaba,Rahimyar Khan,False,2026-06-29,30,0.534230812990434,460,,0,1,58,46,False,2026-06-24 06:54:58.735820
417,Makhdum Pur Pahoran,Khanewal,False,2026-06-29,30,0.5336598235525615,461,,0,0,58,46,False,2026-06-24 06:54:58.735820
511,City Taunsa Sharif,D.G. Khan,False,2026-06-29,30,0.533033885655513,462,,0,3,58,46,False,2026-06-24 06:54:58.735820
225,Dhuman,Chakwal,False,2026-06-29,30,0.5327659961673937,463,,0,2,58,46,False,2026-06-24 06:54:58.735820
234,Bhagtanwala,Sargodha,False,2026-06-29,30,0.5324276713999907,464,,0,4,58,46,False,2026-06-24 06:54:58.735820
648,Millat Park,Lahore,True,2026-06-29,30,0.5324135863041888,465,58.0,0,20,58,46,False,2026-06-24 06:54:58.735820
227,Saddar Talagang,Chakwal,False,2026-06-29,30,0.5321938085275761,466,,0,2,58,46,False,2026-06-24 06:54:58.735820
155,Sadar Shakargarh,Narowal,False,2026-06-29,30,0.5318770130923539,467,,0,1,58,46,False,2026-06-24 06:54:58.735820
229,Lawa,Chakwal,False,2026-06-29,30,0.5308010007564294,468,,0,2,58,46,False,2026-06-24 06:54:58.735820
17,City Nankana,Nankana Sb,False,2026-06-29,30,0.530408708331383,469,,0,4,58,46,False,2026-06-24 06:54:58.735820
358,Lalian,Chiniot,False,2026-06-29,30,0.5300706008292427,470,,0,0,58,46,False,2026-06-24 06:54:58.735820
599,City Haroonabad,Bahawalnagar,False,2026-06-29,30,0.5288470756432528,471,,0,1,58,46,False,2026-06-24 06:54:58.735820
34,Raja Jang,Kasur,False,2026-06-29,30,0.5277871006093593,472,,1,3,58,46,False,2026-06-24 06:54:58.735820
620,Kot Sabzal,Rahimyar Khan,False,2026-06-29,30,0.5256231849436908,473,,0,1,58,46,False,2026-06-24 06:54:58.735820
32,Ganda Singh Wala,Kasur,False,2026-06-29,30,0.5251763107591848,474,,0,3,58,46,False,2026-06-24 06:54:58.735820
373,Jalil Abad,Multan,False,2026-06-29,30,0.5242524837228233,475,,0,1,58,46,False,2026-06-24 06:54:58.735820
19,Warbartan,Nankana Sb,False,2026-06-29,30,0.5242000766681361,476,,0,4,58,46,False,2026-06-24 06:54:58.735820
285,City Bhakkar,Bhakkar,False,2026-06-29,30,0.5241537541595218,477,,0,1,58,46,False,2026-06-24 06:54:58.735820
348,Waryam,Jhang,False,2026-06-29,30,0.5238072501374789,478,,0,3,58,46,False,2026-06-24 06:54:58.735820
117,Gojra,M.B. Din,False,2026-06-29,30,0.5232455006756288,479,,0,1,58,46,False,2026-06-24 06:54:58.735820
27,Faizabad,Nankana Sb,False,2026-06-29,30,0.5232362921063118,480,,1,4,58,46,False,2026-06-24 06:54:58.735820
654,Civil Lines,Lahore,True,2026-06-29,30,0.5226747242565717,481,59.0,0,20,58,46,False,2026-06-24 06:54:58.735820
71,Kot Ladha,Gujranwala,False,2026-06-29,30,0.5222098938314435,482,,0,2,58,46,False,2026-06-24 06:54:58.735820
98,Tanda,Gujrat,False,2026-06-29,30,0.5213642359490774,483,,0,3,58,46,False,2026-06-24 06:54:58.735820
384,Budhla Sant,Multan,False,2026-06-29,30,0.5212152924632804,484,,0,1,58,46,False,2026-06-24 06:54:58.735820
484,Mandi Ahmadabad,Okara,False,2026-06-29,30,0.5211690829368901,485,,0,2,58,46,False,2026-06-24 06:54:58.735820
276,Pai Khel,Mianwali,False,2026-06-29,30,0.5210750134360489,486,,0,0,58,46,False,2026-06-24 06:54:58.735820
42,Changa Manga,Kasur,False,2026-06-29,30,0.5204735272883128,487,,0,3,58,46,False,2026-06-24 06:54:58.735820
264,Noor Pur,Khushab,False,2026-06-29,30,0.5199498814308317,488,,0,0,58,46,False,2026-06-24 06:54:58.735820
380,Delhi Gate,Multan,False,2026-06-29,30,0.5197035379132452,489,,0,1,58,46,False,2026-06-24 06:54:58.735820
478,Sher Garh,Okara,False,2026-06-29,30,0.5196884258970159,490,,0,2,58,46,False,2026-06-24 06:54:58.735820
493,Rung Shah,Pakpattan,False,2026-06-29,30,0.5195912578197848,491,,0,1,58,46,False,2026-06-24 06:54:58.735820
486,Kalyana,Pakpattan,False,2026-06-29,30,0.5191128313623975,492,,0,1,58,46,False,2026-06-24 06:54:58.735820
491,Farid Nagar,Pakpattan,False,2026-06-29,30,0.5186366219178843,493,,0,1,58,46,False,2026-06-24 06:54:58.735820
250,Tirkhanwala,Sargodha,False,2026-06-29,30,0.5180519437549687,494,,1,4,58,46,False,2026-06-24 06:54:58.735820
671,Okanowala,Sahiwal,False,2026-06-29,30,0.517884607997436,495,,0,1,58,46,False,2026-06-24 06:54:58.735820
540,Sadar Alipur,Muzaffargarh,False,2026-06-29,30,0.5170687301123978,496,,0,0,58,46,False,2026-06-24 06:54:58.735820
706,Mustafabad,Lahore,True,2026-06-29,30,0.5169817912213595,497,60.0,1,20,58,46,False,2026-06-24 06:54:58.735820
24,Bara Ghar,Nankana Sb,False,2026-06-29,30,0.5165797217541821,498,,0,4,58,46,False,2026-06-24 06:54:58.735820
142,Begowala,Sialkot,False,2026-06-29,30,0.5160220784842929,499,,0,4,58,46,False,2026-06-24 06:54:58.735820
431,Thatha Sadiqabad,Khanewal,False,2026-06-29,30,0.5158965614439048,500,,0,0,58,46,False,2026-06-24 06:54:58.735820
287,Behal,Bhakkar,False,2026-06-29,30,0.5156674235412266,501,,0,1,58,46,False,2026-06-24 06:54:58.735820
72,City Wazirabad,Gujranwala,False,2026-06-29,30,0.5155024395286186,502,,0,2,58,46,False,2026-06-24 06:54:58.735820
108,Sadar Sarai Alamgir,Gujrat,False,2026-06-29,30,0.514879371463331,503,,0,3,58,46,False,2026-06-24 06:54:58.735820
595,Sadar Chishtian,Bahawalnagar,False,2026-06-29,30,0.5139922242088297,504,,0,1,58,46,False,2026-06-24 06:54:58.735820
122,Kotwali,Sialkot,False,2026-06-29,30,0.513944920412984,505,,0,4,58,46,False,2026-06-24 06:54:58.735820
412,City Kahror Pacca,Lodhran,False,2026-06-29,30,0.51388934546011,506,,0,1,58,46,False,2026-06-24 06:54:58.735820
328,Kur,Faisalabad,False,2026-06-29,30,0.5137398308739476,507,,0,11,58,46,False,2026-06-24 06:54:58.735820
400,Old Kotwali,Multan,False,2026-06-29,30,0.5136275049291502,508,,0,1,58,46,False,2026-06-24 06:54:58.735820
747,Naulkha,Lahore,True,2026-06-29,30,0.5134334012948915,509,61.0,0,20,58,46,False,2026-06-24 06:54:58.735820
469,Okara Cantt,Okara,False,2026-06-29,30,0.5130226673305445,510,,0,2,58,46,False,2026-06-24 06:54:58.735820
691,Lorry Adda,Lahore,True,2026-06-29,30,0.5129344758581169,511,62.0,0,20,58,46,False,2026-06-24 06:54:58.735820
147,Badiana,Sialkot,False,2026-06-29,30,0.5119212446051351,512,,0,4,58,46,False,2026-06-24 06:54:58.735820
216,P.D. Khan,Jhelum,False,2026-06-29,30,0.5116440641785469,513,,0,0,58,46,False,2026-06-24 06:54:58.735820
646,Wahdat Colony,Lahore,True,2026-06-29,30,0.5109738398458986,514,63.0,0,20,58,46,False,2026-06-24 06:54:58.735820
409,City Dunya Pur,Lodhran,False,2026-06-29,30,0.5108325031127583,515,,0,1,58,46,False,2026-06-24 06:54:58.735820
214,Sohawa,Jhelum,False,2026-06-29,30,0.5107305744262219,516,,0,0,58,46,False,2026-06-24 06:54:58.735820
542,Seet Pur,Muzaffargarh,False,2026-06-29,30,0.5089703361898646,517,,0,0,58,46,False,2026-06-24 06:54:58.735820
119,Pahrianwali,M.B. Din,False,2026-06-29,30,0.5079500367827777,518,,0,1,58,46,False,2026-06-24 06:54:58.735820
787,Chakri,Rawalpindi,False,2026-06-29,30,0.5073204173514054,519,,0,4,58,46,False,2026-06-24 06:54:58.735820
433,City Vehari,Vehari,False,2026-06-29,30,0.5054935714489612,520,,0,0,58,46,False,2026-06-24 06:54:58.735820
767,Sinwan,Muzaffargarh,False,2026-06-29,30,0.5048219422520666,521,,0,0,58,46,False,2026-06-24 06:54:58.735820
512,Sadar Taunsa Sharif,D.G. Khan,False,2026-06-29,30,0.5047948670097377,522,,0,3,58,46,False,2026-06-24 06:54:58.735820
535,Qureshi,Muzaffargarh,False,2026-06-29,30,0.5047719497766564,523,,0,0,58,46,False,2026-06-24 06:54:58.735820
149,Niddoke,Narowal,False,2026-06-29,30,0.5036809484704371,524,,0,1,58,46,False,2026-06-24 06:54:58.735820
618,Ahmadpur Lamma,Rahimyar Khan,False,2026-06-29,30,0.5029948976452057,525,,0,1,58,46,False,2026-06-24 06:54:58.735820
516,Sadar Rajanpur,Rajanpur,False,2026-06-29,30,0.5027975035854608,526,,0,4,58,46,False,2026-06-24 06:54:58.735820
158,Kot Nainan,Narowal,False,2026-06-29,30,0.5021477258926696,527,,0,1,58,46,False,2026-06-24 06:54:58.735820
290,Darya Khan,Bhakkar,False,2026-06-29,30,0.501763973172931,528,,0,1,58,46,False,2026-06-24 06:54:58.735820
509,Jhoke Uttra,D.G. Khan,False,2026-06-29,30,0.5013990718274837,529,,0,3,58,46,False,2026-06-24 06:54:58.735820
359,Muhammad Wala,Chiniot,False,2026-06-29,30,0.5009835663187768,530,,0,0,58,46,False,2026-06-24 06:54:58.735820
100,City Lalamusa,Gujrat,False,2026-06-29,30,0.5009630777723985,531,,0,3,58,46,False,2026-06-24 06:54:58.735820
48,Kotwali,Gujranwala,False,2026-06-29,30,0.500740861677216,532,,0,2,58,46,False,2026-06-24 06:54:58.735820
203,Sadar Hassan Abdal,Attock,False,2026-06-29,30,0.4994811125843937,533,,0,1,58,46,False,2026-06-24 06:54:58.735820
209,Civil Lines,Jhelum,False,2026-06-29,30,0.4984825633459547,534,,0,0,58,46,False,2026-06-24 06:54:58.735820
756,Kot Shakir,Jhang,False,2026-06-29,30,0.4981544378188552,535,,1,3,58,46,False,2026-06-24 06:54:58.735820
779,City Fazilpur,Rajanpur,False,2026-06-29,30,0.49776260737593847,536,,0,4,58,46,False,2026-06-24 06:54:58.735820
213,Chotala,Jhelum,False,2026-06-29,30,0.4973072608627943,537,,0,0,58,46,False,2026-06-24 06:54:58.735820
228,Tammon,Chakwal,False,2026-06-29,30,0.4967709540899913,538,,0,2,58,46,False,2026-06-24 06:54:58.735820
262,Quaidabad,Khushab,False,2026-06-29,30,0.4944026378462048,539,,0,0,58,46,False,2026-06-24 06:54:58.735820
496,Ahmed Yar,Pakpattan,False,2026-06-29,30,0.49401943717793534,540,,0,1,58,46,False,2026-06-24 06:54:58.735820
226,City Talagang,Chakwal,False,2026-06-29,30,0.4934423126064167,541,,0,2,58,46,False,2026-06-24 06:54:58.735820
789,Pathritha,Rawalpindi,False,2026-06-29,30,0.4931261783326385,542,,0,4,58,46,False,2026-06-24 06:54:58.735820
628,Tabsum Shaheed,Rahimyar Khan,False,2026-06-29,30,0.4927089864637462,543,,0,1,58,46,False,2026-06-24 06:54:58.735820
255,Laksian,Sargodha,False,2026-06-29,30,0.492516831994442,544,,0,4,58,46,False,2026-06-24 06:54:58.735820
598,Bakhshan Khan,Bahawalnagar,False,2026-06-29,30,0.49199557116283266,545,,0,1,58,46,False,2026-06-24 06:54:58.735820
696,Gowalmandi,Lahore,True,2026-06-29,30,0.49194061749714335,546,64.0,0,20,58,46,False,2026-06-24 06:54:58.735820
661,Chorasta Mian Khan,Okara,False,2026-06-29,30,0.49154787149282153,547,,0,2,58,46,False,2026-06-24 06:54:58.735820
206,Jand,Attock,False,2026-06-29,30,0.4912771847081417,548,,0,1,58,46,False,2026-06-24 06:54:58.735820
645,Muslim Town,Lahore,True,2026-06-29,30,0.49044827834738913,549,65.0,0,20,58,46,False,2026-06-24 06:54:58.735820
233,Kirana,Sargodha,False,2026-06-29,30,0.4899676607638289,550,,0,4,58,46,False,2026-06-24 06:54:58.735820
407,Galaywal,Lodhran,False,2026-06-29,30,0.48992967668820736,551,,0,1,58,46,False,2026-06-24 06:54:58.735820
93,City Jalalpur Jattan,Gujrat,False,2026-06-29,30,0.48981383980941157,552,,0,3,58,46,False,2026-06-24 06:54:58.735820
221,Kallar Kahar,Chakwal,False,2026-06-29,30,0.4892393190167811,553,,0,2,58,46,False,2026-06-24 06:54:58.735820
218,Jalalpur Sharif,Jhelum,False,2026-06-29,30,0.489207756372077,554,,0,0,58,46,False,2026-06-24 06:54:58.735820
773,Garhamore,Vehari,False,2026-06-29,30,0.48913480763735545,555,,0,0,58,46,False,2026-06-24 06:54:58.735820
105,Ghuliana,Gujrat,False,2026-06-29,30,0.4887129406366787,556,,0,3,58,46,False,2026-06-24 06:54:58.735820
223,Dhudial,Chakwal,False,2026-06-29,30,0.4883562987117486,557,,0,2,58,46,False,2026-06-24 06:54:58.735820
74,Sohdra,Gujranwala,False,2026-06-29,30,0.48828315720330845,558,,0,2,58,46,False,2026-06-24 06:54:58.735820
148,Qila Kalarwala,Sialkot,False,2026-06-29,30,0.4881405432284984,559,,0,4,58,46,False,2026-06-24 06:54:58.735820
245,Miani,Sargodha,False,2026-06-29,30,0.4869952750112669,560,,0,4,58,46,False,2026-06-24 06:54:58.735820
757,PS Mangowal,Gujrat,False,2026-06-29,30,0.48660072955570616,561,,0,3,58,46,False,2026-06-24 06:54:58.735820
682,Airport,Rahimyar Khan,False,2026-06-29,30,0.4865328878957369,562,,0,1,58,46,False,2026-06-24 06:54:58.735820
102,Rehmania,Gujrat,False,2026-06-29,30,0.4860931742152421,563,,0,3,58,46,False,2026-06-24 06:54:58.735820
349,Shortkot Cantt,Jhang,False,2026-06-29,30,0.4859504446234474,564,,0,3,58,46,False,2026-06-24 06:54:58.735820
198,Rangoo,Attock,False,2026-06-29,30,0.4846182244451887,565,,1,1,58,46,False,2026-06-24 06:54:58.735820
765,PS Daira Din Panah,Muzaffargarh,False,2026-06-29,30,0.48430270933878283,566,,0,0,58,46,False,2026-06-24 06:54:58.735820
410,Jalla Arain,Lodhran,False,2026-06-29,30,0.4842695791830382,567,,0,1,58,46,False,2026-06-24 06:54:58.735820
367,Nawan Lahore,T.T. Singh,False,2026-06-29,30,0.48291252600435536,568,,0,0,58,46,False,2026-06-24 06:54:58.735820
421,Adda Baara Meel,Khanewal,False,2026-06-29,30,0.48263018843322436,569,,0,0,58,46,False,2026-06-24 06:54:58.735820
87,Sukheki,Hafizabad,False,2026-06-29,30,0.482438909263809,570,,0,1,58,46,False,2026-06-24 06:54:58.735820
514,Vehova,D.G. Khan,False,2026-06-29,30,0.4814056713297193,571,,0,3,58,46,False,2026-06-24 06:54:58.735820
254,Midh Ranjha,Sargodha,False,2026-06-29,30,0.4803477356535191,572,,0,4,58,46,False,2026-06-24 06:54:58.735820
89,A Division (City),Gujrat,False,2026-06-29,30,0.4795658051888258,573,,0,3,58,46,False,2026-06-24 06:54:58.735820
387,Haram Gate,Multan,False,2026-06-29,30,0.47938427928602145,574,,0,1,58,46,False,2026-06-24 06:54:58.735820
83,City Pindi Bhattian,Hafizabad,False,2026-06-29,30,0.4792776605251037,575,,0,1,58,46,False,2026-06-24 06:54:58.735820
505,Shah Sadar Din,D.G. Khan,False,2026-06-29,30,0.4792718415634465,576,,0,3,58,46,False,2026-06-24 06:54:58.735820
261,Mitha Tiwana,Khushab,False,2026-06-29,30,0.47899898176604494,577,,0,0,58,46,False,2026-06-24 06:54:58.735820
215,Domeli,Jhelum,False,2026-06-29,30,0.47893825610360236,578,,0,0,58,46,False,2026-06-24 06:54:58.735820
450,Meera Pur,Vehari,False,2026-06-29,30,0.47879463507733394,579,,0,0,58,46,False,2026-06-24 06:54:58.735820
210,Mangla Cantt,Jhelum,False,2026-06-29,30,0.47851184442632055,580,,0,0,58,46,False,2026-06-24 06:54:58.735820
278,Wan Bachran,Mianwali,False,2026-06-29,30,0.4779272088781061,581,,0,0,58,46,False,2026-06-24 06:54:58.735820
248,Jhawarian,Sargodha,False,2026-06-29,30,0.4767175058419825,582,,0,4,58,46,False,2026-06-24 06:54:58.735820
257,Sadar Jauharabad,Khushab,False,2026-06-29,30,0.4754263394850742,583,,0,0,58,46,False,2026-06-24 06:54:58.735820
596,Shehr Farid,Bahawalnagar,False,2026-06-29,30,0.4753430280571934,584,,0,1,58,46,False,2026-06-24 06:54:58.735820
449,Sahuka,Vehari,False,2026-06-29,30,0.47522013766895216,585,,0,0,58,46,False,2026-06-24 06:54:58.735820
604,Marrot,Bahawalnagar,False,2026-06-29,30,0.47483420410880445,586,,0,1,58,46,False,2026-06-24 06:54:58.735820
588,Takhat Mehal,Bahawalnagar,False,2026-06-29,30,0.4746124911785183,587,,0,1,58,46,False,2026-06-24 06:54:58.735820
746,Data Darbar,Lahore,True,2026-06-29,30,0.4745927761311768,588,66.0,0,20,58,46,False,2026-06-24 06:54:58.735820
150,Ahmad Abad,Narowal,False,2026-06-29,30,0.4745601391180511,589,,0,1,58,46,False,2026-06-24 06:54:58.735820
676,Shadman,Lahore,True,2026-06-29,30,0.4736289512089204,590,67.0,0,20,58,46,False,2026-06-24 06:54:58.735820
20,City Snagla Hill,Nankana Sb,False,2026-06-29,30,0.4726160918700125,591,,0,4,58,46,False,2026-06-24 06:54:58.735820
270,Harnoli,Mianwali,False,2026-06-29,30,0.47133289330790584,592,,0,0,58,46,False,2026-06-24 06:54:58.735820
381,Daulat-gate,Multan,False,2026-06-29,30,0.47113650297573223,593,,0,1,58,46,False,2026-06-24 06:54:58.735820
202,City Hassan Abdal,Attock,False,2026-06-29,30,0.4708435497105881,594,,0,1,58,46,False,2026-06-24 06:54:58.735820
573,Dhoor Kot,Bahawalpur,False,2026-06-29,30,0.4701941175026078,595,,0,4,58,46,False,2026-06-24 06:54:58.735820
513,Retra,D.G. Khan,False,2026-06-29,30,0.4700799811563571,596,,0,3,58,46,False,2026-06-24 06:54:58.735820
699,New Anarkali,Lahore,True,2026-06-29,30,0.4696223064036536,597,68.0,0,20,58,46,False,2026-06-24 06:54:58.735820
280,Kamar Mushani,Mianwali,False,2026-06-29,30,0.46870464783751153,598,,0,0,58,46,False,2026-06-24 06:54:58.735820
289,City Darya Khan,Bhakkar,False,2026-06-29,30,0.46869543550404025,599,,0,1,58,46,False,2026-06-24 06:54:58.735820
681,Lower Mall,Lahore,True,2026-06-29,30,0.46790467280897613,600,69.0,0,20,58,46,False,2026-06-24 06:54:58.735820
587,Madrisa,Bahawalnagar,False,2026-06-29,30,0.4668903824929379,601,,0,1,58,46,False,2026-06-24 06:54:58.735820
644,Gulshan Iqbal,Lahore,True,2026-06-29,30,0.4659898096901781,602,70.0,0,20,58,46,False,2026-06-24 06:54:58.735820
162,Laiser Kalan,Narowal,False,2026-06-29,30,0.4649096099525304,603,,0,1,58,46,False,2026-06-24 06:54:58.735820
38,Sadar Chunian,Kasur,False,2026-06-29,30,0.4642260109439072,604,,0,3,58,46,False,2026-06-24 06:54:58.735820
260,Katha Saghral,Khushab,False,2026-06-29,30,0.4641465668545298,605,,0,0,58,46,False,2026-06-24 06:54:58.735820
781,Chandni Chowk,Bhakkar,False,2026-06-29,30,0.463973203754933,606,,0,1,58,46,False,2026-06-24 06:54:58.735820
281,Easa Khel,Mianwali,False,2026-06-29,30,0.46318378489168976,607,,0,0,58,46,False,2026-06-24 06:54:58.735820
252,Shahnikdar,Sargodha,False,2026-06-29,30,0.4629825653038244,608,,0,4,58,46,False,2026-06-24 06:54:58.735820
448,Fateh Shah,Vehari,False,2026-06-29,30,0.4628195403088259,609,,0,0,58,46,False,2026-06-24 06:54:58.735820
288,Sarai Muhajir,Bhakkar,False,2026-06-29,30,0.4618764400782481,610,,0,1,58,46,False,2026-06-24 06:54:58.735820
769,Mehmood Kot,Muzaffargarh,False,2026-06-29,30,0.4614384654514568,611,,0,0,58,46,False,2026-06-24 06:54:58.735820
771,Qasba Gujrat,Muzaffargarh,False,2026-06-29,30,0.46127935484522276,612,,0,0,58,46,False,2026-06-24 06:54:58.735820
293,Jandanwala,Bhakkar,False,2026-06-29,30,0.4608886165574731,613,,0,1,58,46,False,2026-06-24 06:54:58.735820
222,Nila,Chakwal,False,2026-06-29,30,0.46052302414514207,614,,0,2,58,46,False,2026-06-24 06:54:58.735820
656,Garhi Shahu,Lahore,True,2026-06-29,30,0.46037461237575855,615,71.0,0,20,58,46,False,2026-06-24 06:54:58.735820
271,Mochh,Mianwali,False,2026-06-29,30,0.46007740012282333,616,,0,0,58,46,False,2026-06-24 06:54:58.735820
624,Sehja,Rahimyar Khan,False,2026-06-29,30,0.4595308047106047,617,,0,1,58,46,False,2026-06-24 06:54:58.735820
152,Rayya Khas,Narowal,False,2026-06-29,30,0.4592250919956029,618,,0,1,58,46,False,2026-06-24 06:54:58.735820
603,Khichiwala,Bahawalnagar,False,2026-06-29,30,0.4580281533676145,619,,0,1,58,46,False,2026-06-24 06:54:58.735820
360,Kandiwal,Chiniot,False,2026-06-29,30,0.45749943586332337,620,,0,0,58,46,False,2026-06-24 06:54:58.735820
37,Theh Sheikhum,Kasur,False,2026-06-29,30,0.45706533656730175,621,,0,3,58,46,False,2026-06-24 06:54:58.735820
277,Daud Khel,Mianwali,False,2026-06-29,30,0.45655700909609015,622,,0,0,58,46,False,2026-06-24 06:54:58.735820
593,Mandi Sadiq Gang,Bahawalnagar,False,2026-06-29,30,0.45533358686377257,623,,0,1,58,46,False,2026-06-24 06:54:58.735820
527,Umer Kot,Rajanpur,False,2026-06-29,30,0.4548841249958626,624,,0,4,58,46,False,2026-06-24 06:54:58.735820
546,Bait Mir Hazar,Muzaffargarh,False,2026-06-29,30,0.45119079825701497,625,,0,0,58,46,False,2026-06-24 06:54:58.735820
797,Sadar Sarwar Shaheed,Muzaffargarh,False,2026-06-29,30,0.4511787067635256,626,,0,0,58,46,False,2026-06-24 06:54:58.735820
550,City Sarwar Shaheed,Muzaffargarh,False,2026-06-29,30,0.44976866424249307,627,,0,0,58,46,False,2026-06-24 06:54:58.735820
151,Baddomalhi,Narowal,False,2026-06-29,30,0.44955354649401025,628,,0,1,58,46,False,2026-06-24 06:54:58.735820
458,Civil Lines,Sahiwal,False,2026-06-29,30,0.4490010433731574,629,,0,1,58,46,False,2026-06-24 06:54:58.735820
0,,Sheikhupura,False,2026-06-29,30,0.44827591695915425,630,,0,9,58,46,False,2026-06-24 06:54:58.735820
389,Bohargate,Multan,False,2026-06-29,30,0.4472989611849935,631,,0,1,58,46,False,2026-06-24 06:54:58.735820
192,Kotli Sattian,Murree,False,2026-06-29,30,0.44621722667949026,632,,0,0,58,46,False,2026-06-24 06:54:58.735820
657,Old Anarkali,Lahore,True,2026-06-29,30,0.44619356870195054,633,72.0,0,20,58,46,False,2026-06-24 06:54:58.735820
663,Model Town,Lahore,True,2026-06-29,30,0.4436652184167335,634,73.0,0,20,58,46,False,2026-06-24 06:54:58.735820
683,Bhati Gate,Lahore,True,2026-06-29,30,0.44355580381462506,635,74.0,0,20,58,46,False,2026-06-24 06:54:58.735820
672,Aab-a Hayat,Rahimyar Khan,False,2026-06-29,30,0.4433044331632229,636,,0,1,58,46,False,2026-06-24 06:54:58.735820
31,Mandi Usman wala,Kasur,False,2026-06-29,30,0.4424218955425488,637,,0,3,58,46,False,2026-06-24 06:54:58.735820
763,PS Saddar Kot Addu,Muzaffargarh,False,2026-06-29,30,0.4415052267785374,638,,0,0,58,46,False,2026-06-24 06:54:58.735820
279,Kalabagh,Mianwali,False,2026-06-29,30,0.4413501122736212,639,,0,0,58,46,False,2026-06-24 06:54:58.735820
388,Pakgate,Multan,False,2026-06-29,30,0.4406861743850645,640,,0,1,58,46,False,2026-06-24 06:54:58.735820
201,Bahtar,Attock,False,2026-06-29,30,0.4379390808675673,641,,0,1,58,46,False,2026-06-24 06:54:58.735820
692,Manthar,Rahimyar Khan,False,2026-06-29,30,0.43740832332438045,642,,0,1,58,46,False,2026-06-24 06:54:58.735820
291,Dulewala,Bhakkar,False,2026-06-29,30,0.4355630753835158,643,,0,1,58,46,False,2026-06-24 06:54:58.735820
714,Hadiara,Lahore,True,2026-06-29,30,0.4349328712277322,644,75.0,0,20,58,46,False,2026-06-24 06:54:58.735820
159,Chak Amru,Narowal,False,2026-06-29,30,0.43445459306378126,645,,0,1,58,46,False,2026-06-24 06:54:58.735820
265,Jaura Kalan,Khushab,False,2026-06-29,30,0.42925168104334827,646,,0,0,58,46,False,2026-06-24 06:54:58.735820
541,Khairpur Sadat,Muzaffargarh,False,2026-06-29,30,0.42293660915226583,647,,0,0,58,46,False,2026-06-24 06:54:58.735820
283,Makrwal,Mianwali,False,2026-06-29,30,0.42122033692101735,648,,0,0,58,46,False,2026-06-24 06:54:58.735820
619,Bhong,Rahimyar Khan,False,2026-06-29,30,0.41825273260289836,649,,0,1,58,46,False,2026-06-24 06:54:58.735820
704,Sarwar Road,Lahore,True,2026-06-29,30,0.40358725670200424,650,76.0,0,20,58,46,False,2026-06-24 06:54:58.735820
621,Machka,Rahimyar Khan,False,2026-06-29,30,0.3972211126524096,651,,0,1,58,46,False,2026-06-24 06:54:58.735820
632,Tibbi City,Lahore,True,2026-06-29,30,0.39285692446581816,652,77.0,0,20,58,46,False,2026-06-24 06:54:58.735820
685,Lohari Gate,Lahore,True,2026-06-29,30,0.3855099256212906,653,78.0,0,20,58,46,False,2026-06-24 06:54:58.735820
693,Akbari Gate,Lahore,True,2026-06-29,30,0.38500642213590053,654,79.0,0,20,58,46,False,2026-06-24 06:54:58.735820
697,Mochi Gate,Lahore,True,2026-06-29,30,0.3801626423950052,655,80.0,0,20,58,46,False,2026-06-24 06:54:58.735820
679,Masti Gate,Lahore,True,2026-06-29,30,0.37302931338073514,656,81.0,0,20,58,46,False,2026-06-24 06:54:58.735820
